-- phpMyAdmin SQL Dump
-- version 4.9.2
-- https://www.phpmyadmin.net/
--
-- Hôte : servinfo-mariadb
-- Généré le :  jeu. 13 fév. 2020 à 12:19
-- Version du serveur :  10.1.34-MariaDB-0ubuntu0.18.04.1
-- Version de PHP :  7.2.24-0ubuntu0.19.04.2

SET SQL_MODE = "NO_AUTO_VALUE_ON_ZERO";
SET AUTOCOMMIT = 0;
START TRANSACTION;
SET time_zone = "+00:00";


/*!40101 SET @OLD_CHARACTER_SET_CLIENT=@@CHARACTER_SET_CLIENT */;
/*!40101 SET @OLD_CHARACTER_SET_RESULTS=@@CHARACTER_SET_RESULTS */;
/*!40101 SET @OLD_COLLATION_CONNECTION=@@COLLATION_CONNECTION */;
/*!40101 SET NAMES utf8mb4 */;

--
-- Base de données :  `Sondage`
--

-- --------------------------------------------------------

--
-- Structure de la table `CARACTERISTIQUE`
--

CREATE TABLE `CARACTERISTIQUE` (
  `idc` char(3) NOT NULL,
  `sexe` char(1) DEFAULT NULL,
  `idcat` char(1) DEFAULT NULL,
  `idtr` char(1) DEFAULT NULL
) ENGINE=InnoDB DEFAULT CHARSET=utf8;

--
-- Déchargement des données de la table `CARACTERISTIQUE`
--

INSERT INTO `CARACTERISTIQUE` (`idc`, `sexe`, `idcat`, `idtr`) VALUES
('F11', 'F', '1', '1'),
('F12', 'F', '2', '1'),
('F13', 'F', '3', '1'),
('F14', 'F', '4', '1'),
('F15', 'F', '5', '1'),
('F16', 'F', '6', '1'),
('F17', 'F', '7', '1'),
('F18', 'F', '8', '1'),
('F22', 'F', '2', '2'),
('F23', 'F', '3', '2'),
('F24', 'F', '4', '2'),
('F25', 'F', '5', '2'),
('F26', 'F', '6', '2'),
('F27', 'F', '7', '2'),
('F28', 'F', '8', '2'),
('F32', 'F', '2', '3'),
('F33', 'F', '3', '3'),
('F34', 'F', '4', '3'),
('F35', 'F', '5', '3'),
('F36', 'F', '6', '3'),
('F37', 'F', '7', '3'),
('F38', 'F', '8', '3'),
('F41', 'F', '1', '4'),
('F42', 'F', '2', '4'),
('F43', 'F', '3', '4'),
('F44', 'F', '4', '4'),
('F45', 'F', '5', '4'),
('F46', 'F', '6', '4'),
('F47', 'F', '7', '4'),
('F48', 'F', '8', '4'),
('F52', 'F', '2', '5'),
('F55', 'F', '5', '5'),
('F56', 'F', '6', '5'),
('F57', 'F', '7', '5'),
('F58', 'F', '8', '5'),
('F63', 'F', '3', '6'),
('F64', 'F', '4', '6'),
('F65', 'F', '5', '6'),
('F66', 'F', '6', '6'),
('F67', 'F', '7', '6'),
('F68', 'F', '8', '6'),
('H11', 'H', '1', '1'),
('H12', 'H', '2', '1'),
('H13', 'H', '3', '1'),
('H14', 'H', '4', '1'),
('H15', 'H', '5', '1'),
('H16', 'H', '6', '1'),
('H17', 'H', '7', '1'),
('H18', 'H', '8', '1'),
('H21', 'H', '1', '2'),
('H22', 'H', '2', '2'),
('H23', 'H', '3', '2'),
('H24', 'H', '4', '2'),
('H25', 'H', '5', '2'),
('H26', 'H', '6', '2'),
('H27', 'H', '7', '2'),
('H28', 'H', '8', '2'),
('H31', 'H', '1', '3'),
('H32', 'H', '2', '3'),
('H33', 'H', '3', '3'),
('H34', 'H', '4', '3'),
('H35', 'H', '5', '3'),
('H36', 'H', '6', '3'),
('H37', 'H', '7', '3'),
('H38', 'H', '8', '3'),
('H41', 'H', '1', '4'),
('H42', 'H', '2', '4'),
('H43', 'H', '3', '4'),
('H44', 'H', '4', '4'),
('H45', 'H', '5', '4'),
('H46', 'H', '6', '4'),
('H47', 'H', '7', '4'),
('H48', 'H', '8', '4'),
('H54', 'H', '4', '5'),
('H55', 'H', '5', '5'),
('H56', 'H', '6', '5'),
('H57', 'H', '7', '5'),
('H58', 'H', '8', '5'),
('H64', 'H', '4', '6'),
('H65', 'H', '5', '6'),
('H66', 'H', '6', '6'),
('H67', 'H', '7', '6'),
('H68', 'H', '8', '6');

-- --------------------------------------------------------

--
-- Structure de la table `CATEGORIE`
--

CREATE TABLE `CATEGORIE` (
  `idcat` char(1) NOT NULL,
  `intitulecat` varchar(30) DEFAULT NULL
) ENGINE=InnoDB DEFAULT CHARSET=utf8;

--
-- Déchargement des données de la table `CATEGORIE`
--

INSERT INTO `CATEGORIE` (`idcat`, `intitulecat`) VALUES
('1', 'Agriculteurs exploitants'),
('2', 'Artisans, commerçants, chefs d'),
('3', 'Cadres, professions intellectu'),
('4', 'Professions intermédiaires'),
('5', 'Employés'),
('6', 'Ouvriers'),
('7', 'Inactifs ayant déjà travaillé'),
('8', 'Autres sans activité professio');

-- --------------------------------------------------------

--
-- Structure de la table `CONSTITUER`
--

CREATE TABLE `CONSTITUER` (
  `numsond` decimal(6,0) NOT NULL,
  `idpan` decimal(3,0) NOT NULL
) ENGINE=InnoDB DEFAULT CHARSET=utf8;

--
-- Déchargement des données de la table `CONSTITUER`
--

INSERT INTO `CONSTITUER` (`numsond`, `idpan`) VALUES
('1', '1'),
('1', '2'),
('2', '1'),
('2', '2'),
('3', '1'),
('4', '1'),
('4', '2'),
('5', '1'),
('5', '2'),
('6', '1'),
('6', '2'),
('7', '1'),
('7', '2'),
('8', '1'),
('8', '2'),
('9', '1'),
('10', '1'),
('10', '2'),
('11', '1'),
('11', '2'),
('12', '1'),
('12', '2'),
('13', '1'),
('14', '1'),
('14', '2'),
('15', '1'),
('15', '2'),
('16', '1'),
('17', '1'),
('17', '2'),
('18', '1'),
('19', '1'),
('20', '1'),
('21', '1'),
('21', '2'),
('22', '1'),
('23', '1'),
('24', '1'),
('25', '1'),
('25', '2'),
('26', '1'),
('26', '2'),
('27', '1'),
('27', '2'),
('28', '1'),
('28', '2'),
('29', '1'),
('29', '2'),
('30', '1'),
('31', '1'),
('31', '2'),
('32', '1'),
('33', '1'),
('34', '1'),
('34', '2'),
('35', '1'),
('36', '1'),
('36', '2'),
('37', '1'),
('38', '1'),
('39', '1'),
('40', '1'),
('40', '2'),
('41', '1'),
('41', '2'),
('42', '1'),
('43', '1'),
('43', '2'),
('44', '1'),
('44', '2'),
('45', '1'),
('46', '1'),
('46', '2'),
('47', '1'),
('48', '1'),
('49', '1'),
('49', '2'),
('50', '1'),
('51', '1'),
('52', '1'),
('53', '1'),
('54', '1'),
('55', '1'),
('55', '2'),
('56', '1'),
('56', '2'),
('57', '1'),
('57', '2'),
('58', '1'),
('59', '1'),
('59', '2'),
('60', '1'),
('60', '2'),
('61', '1'),
('61', '2'),
('62', '1'),
('62', '2'),
('63', '1'),
('64', '1'),
('64', '2'),
('65', '1'),
('66', '1'),
('66', '2'),
('67', '1'),
('68', '1'),
('69', '1'),
('69', '2'),
('70', '1'),
('70', '2'),
('71', '1'),
('72', '1'),
('73', '1'),
('74', '1'),
('74', '2'),
('75', '1'),
('76', '1'),
('76', '2'),
('77', '1'),
('78', '1'),
('79', '1'),
('79', '2'),
('80', '1'),
('80', '2'),
('81', '1'),
('82', '1'),
('82', '2'),
('83', '1'),
('83', '2'),
('84', '1'),
('84', '2'),
('85', '1'),
('85', '2'),
('86', '1'),
('87', '1'),
('87', '2'),
('88', '1'),
('89', '1'),
('90', '1'),
('90', '2'),
('91', '1'),
('92', '1'),
('93', '1'),
('94', '1'),
('95', '1'),
('96', '1'),
('97', '1'),
('98', '1'),
('99', '1'),
('100', '1'),
('101', '1'),
('101', '2'),
('102', '1'),
('102', '2'),
('103', '1'),
('104', '1'),
('105', '1'),
('106', '1'),
('106', '2'),
('107', '1'),
('107', '2'),
('108', '1'),
('108', '2'),
('109', '1'),
('109', '2'),
('110', '1'),
('111', '1'),
('112', '1'),
('113', '1'),
('113', '2'),
('114', '1'),
('114', '2'),
('115', '1'),
('115', '2'),
('116', '1'),
('116', '2'),
('117', '1'),
('117', '2'),
('118', '1'),
('118', '2'),
('119', '1'),
('119', '2'),
('120', '1'),
('121', '1'),
('122', '1'),
('122', '2'),
('123', '1'),
('123', '2'),
('124', '1'),
('125', '1'),
('126', '1'),
('126', '2'),
('127', '1'),
('128', '1'),
('129', '1'),
('129', '2'),
('130', '1'),
('131', '1'),
('132', '1'),
('133', '1'),
('133', '2'),
('134', '1'),
('134', '2'),
('135', '1'),
('136', '1'),
('137', '1'),
('138', '1'),
('138', '2'),
('139', '1'),
('140', '1'),
('140', '2'),
('141', '1'),
('141', '2'),
('142', '1'),
('142', '2'),
('143', '1'),
('143', '2'),
('144', '1'),
('144', '2'),
('145', '1'),
('145', '2'),
('146', '1'),
('147', '1'),
('147', '2'),
('148', '1'),
('149', '1'),
('149', '2'),
('150', '1'),
('151', '1'),
('151', '2'),
('152', '1'),
('153', '1'),
('153', '2'),
('154', '1'),
('154', '2'),
('155', '1'),
('155', '2'),
('156', '1'),
('156', '2'),
('157', '1'),
('157', '2'),
('158', '1'),
('158', '2'),
('159', '1'),
('160', '1'),
('160', '2'),
('161', '1'),
('162', '1'),
('163', '1'),
('164', '1'),
('165', '1'),
('165', '2'),
('166', '1'),
('166', '2'),
('167', '1'),
('167', '2'),
('168', '1'),
('168', '2'),
('169', '1'),
('170', '1'),
('171', '1'),
('172', '1'),
('173', '1'),
('173', '2'),
('174', '1'),
('175', '1'),
('175', '2'),
('176', '1'),
('177', '1'),
('177', '2'),
('178', '1'),
('179', '1'),
('180', '1'),
('181', '1'),
('181', '2'),
('182', '1'),
('182', '2'),
('183', '1'),
('183', '2'),
('184', '1'),
('184', '2'),
('185', '1'),
('185', '2'),
('186', '1'),
('186', '2'),
('187', '1'),
('188', '1'),
('189', '1'),
('190', '1'),
('191', '1'),
('192', '1'),
('193', '1'),
('194', '1'),
('195', '1'),
('196', '1'),
('197', '1'),
('198', '1'),
('199', '1'),
('200', '1'),
('201', '1'),
('201', '2'),
('202', '1'),
('202', '2'),
('203', '1'),
('204', '1'),
('204', '2'),
('205', '1'),
('206', '1'),
('206', '2'),
('207', '1'),
('208', '1'),
('209', '1'),
('209', '2'),
('210', '1'),
('210', '2'),
('211', '1'),
('212', '1'),
('212', '2'),
('213', '1'),
('214', '1'),
('215', '1'),
('216', '1'),
('217', '1'),
('217', '2'),
('218', '1'),
('218', '2'),
('219', '1'),
('220', '1'),
('221', '1'),
('221', '2'),
('222', '1'),
('222', '2'),
('223', '1'),
('223', '2'),
('224', '1'),
('224', '2'),
('225', '1'),
('225', '2'),
('226', '1'),
('226', '2'),
('227', '1'),
('227', '2'),
('228', '1'),
('229', '1'),
('230', '1'),
('231', '1'),
('231', '2'),
('232', '1'),
('233', '1'),
('233', '2'),
('234', '1'),
('234', '2'),
('235', '1'),
('236', '1'),
('236', '2'),
('237', '1'),
('237', '2'),
('238', '1'),
('238', '2'),
('239', '1'),
('239', '2'),
('240', '1'),
('240', '2'),
('241', '1'),
('241', '2'),
('242', '1'),
('243', '1'),
('244', '1'),
('245', '1'),
('246', '1'),
('246', '2'),
('247', '1'),
('248', '1'),
('249', '1'),
('249', '2'),
('250', '1'),
('251', '1'),
('252', '1'),
('252', '2'),
('253', '1'),
('253', '2'),
('254', '1'),
('255', '1'),
('256', '1'),
('256', '2'),
('257', '1'),
('258', '1'),
('258', '2'),
('259', '1'),
('260', '1'),
('261', '1'),
('262', '1'),
('262', '2'),
('263', '1'),
('264', '1'),
('265', '1'),
('265', '2'),
('266', '1'),
('267', '1'),
('268', '1'),
('269', '1'),
('270', '1'),
('270', '2'),
('271', '1'),
('272', '1'),
('273', '1'),
('274', '1'),
('275', '1'),
('275', '2'),
('276', '1'),
('277', '1'),
('278', '1'),
('278', '2'),
('279', '1'),
('279', '2'),
('280', '1'),
('281', '1'),
('281', '2'),
('282', '1'),
('283', '1'),
('284', '1'),
('284', '2'),
('285', '1'),
('286', '1'),
('286', '2'),
('287', '1'),
('287', '2'),
('288', '1'),
('288', '2'),
('289', '1'),
('290', '1'),
('290', '2'),
('291', '1'),
('291', '2'),
('292', '1'),
('293', '1'),
('294', '1'),
('295', '1'),
('295', '2'),
('296', '1'),
('297', '1'),
('297', '2'),
('298', '1'),
('298', '2'),
('299', '1'),
('299', '2'),
('300', '1'),
('300', '2'),
('301', '1'),
('302', '1'),
('303', '1'),
('304', '1'),
('305', '1'),
('306', '1'),
('307', '1'),
('307', '2'),
('308', '1'),
('308', '2'),
('309', '1'),
('309', '2'),
('310', '1'),
('311', '1'),
('311', '2'),
('312', '1'),
('313', '1'),
('313', '2'),
('314', '1'),
('314', '2'),
('315', '1'),
('315', '2'),
('316', '1'),
('317', '1'),
('317', '2'),
('318', '1'),
('318', '2'),
('319', '1'),
('319', '2'),
('320', '1'),
('320', '2'),
('321', '1'),
('321', '2'),
('322', '1'),
('323', '1'),
('323', '2'),
('324', '1'),
('325', '1'),
('325', '2'),
('326', '1'),
('327', '1'),
('328', '1'),
('329', '1'),
('329', '2'),
('330', '1'),
('331', '1'),
('332', '1'),
('332', '2'),
('333', '1'),
('334', '1'),
('334', '2'),
('335', '1'),
('336', '1'),
('337', '1'),
('337', '2'),
('338', '1'),
('339', '1'),
('339', '2'),
('340', '1'),
('340', '2'),
('341', '1'),
('342', '1'),
('343', '1'),
('344', '1'),
('345', '1'),
('346', '1'),
('346', '2'),
('347', '1'),
('347', '2'),
('348', '1'),
('349', '1'),
('350', '1'),
('350', '2'),
('351', '1'),
('351', '2'),
('352', '1'),
('352', '2'),
('353', '1'),
('353', '2'),
('354', '1'),
('355', '1'),
('356', '1'),
('356', '2'),
('357', '1'),
('357', '2'),
('358', '1'),
('358', '2'),
('359', '1'),
('359', '2'),
('360', '1'),
('361', '1'),
('361', '2'),
('362', '1'),
('363', '1'),
('363', '2'),
('364', '1'),
('365', '1'),
('366', '1'),
('367', '1'),
('368', '1'),
('369', '1'),
('370', '1'),
('371', '1'),
('372', '1'),
('373', '1'),
('373', '2'),
('374', '1'),
('375', '1'),
('375', '2'),
('376', '1'),
('377', '1'),
('377', '2'),
('378', '1'),
('378', '2'),
('379', '1'),
('379', '2'),
('380', '1'),
('380', '2'),
('381', '1'),
('381', '2'),
('382', '1'),
('382', '2'),
('383', '1'),
('383', '2'),
('384', '1'),
('385', '1'),
('385', '2'),
('386', '1'),
('386', '2'),
('387', '1'),
('388', '1'),
('388', '2'),
('389', '1'),
('390', '1'),
('391', '1'),
('392', '1'),
('393', '1'),
('393', '2'),
('394', '1'),
('395', '1'),
('395', '2'),
('396', '1'),
('396', '2'),
('397', '1'),
('398', '1'),
('398', '2'),
('399', '1'),
('399', '2'),
('400', '1'),
('401', '1'),
('401', '2'),
('402', '1'),
('403', '1'),
('404', '1'),
('404', '2'),
('405', '1'),
('405', '2'),
('406', '1'),
('406', '2'),
('407', '1'),
('407', '2'),
('408', '1'),
('409', '1'),
('409', '2'),
('410', '1'),
('411', '1'),
('412', '1'),
('413', '1'),
('414', '1'),
('414', '2'),
('415', '1'),
('415', '2'),
('416', '1'),
('416', '2'),
('417', '1'),
('418', '1'),
('419', '1'),
('420', '1'),
('421', '1'),
('421', '2'),
('422', '1'),
('423', '1'),
('424', '1'),
('424', '2'),
('425', '1'),
('426', '1'),
('427', '1'),
('428', '1'),
('429', '1'),
('429', '2'),
('430', '1'),
('431', '1'),
('431', '2'),
('432', '1'),
('432', '2'),
('433', '1'),
('433', '2'),
('434', '1'),
('435', '1'),
('435', '2'),
('436', '1'),
('436', '2'),
('437', '1'),
('437', '2'),
('438', '1'),
('439', '1'),
('439', '2'),
('440', '1'),
('441', '1'),
('442', '1'),
('442', '2'),
('443', '1'),
('444', '1'),
('444', '2'),
('445', '1'),
('445', '2'),
('446', '1'),
('447', '1'),
('448', '1'),
('449', '1'),
('450', '1'),
('451', '1'),
('451', '2'),
('452', '1'),
('452', '2'),
('453', '1'),
('453', '2'),
('454', '1'),
('455', '1'),
('456', '1'),
('456', '2'),
('457', '1'),
('457', '2'),
('458', '1'),
('458', '2'),
('459', '1'),
('459', '2'),
('460', '1'),
('460', '2'),
('461', '1'),
('462', '1'),
('462', '2'),
('463', '1'),
('463', '2'),
('464', '1'),
('464', '2'),
('465', '1'),
('465', '2'),
('466', '1'),
('467', '1'),
('468', '1'),
('468', '2'),
('469', '1'),
('470', '1'),
('471', '1'),
('472', '1'),
('472', '2'),
('473', '1'),
('474', '1'),
('475', '1'),
('476', '1'),
('477', '1'),
('478', '1'),
('478', '2'),
('479', '1'),
('479', '2'),
('480', '1'),
('481', '1'),
('481', '2'),
('482', '1'),
('482', '2'),
('483', '1'),
('484', '1'),
('484', '2'),
('485', '1'),
('485', '2'),
('486', '1'),
('486', '2'),
('487', '1'),
('487', '2'),
('488', '1'),
('488', '2'),
('489', '1'),
('489', '2'),
('490', '1'),
('491', '1'),
('491', '2'),
('492', '1'),
('492', '2'),
('493', '1'),
('494', '1'),
('495', '1'),
('496', '1'),
('497', '1'),
('497', '2'),
('498', '1'),
('499', '1'),
('500', '1'),
('501', '1'),
('501', '2'),
('502', '1'),
('502', '2'),
('503', '1'),
('503', '2'),
('504', '1'),
('504', '2'),
('505', '1'),
('506', '1'),
('506', '2'),
('507', '1'),
('507', '2'),
('508', '1'),
('508', '2'),
('509', '1'),
('509', '2'),
('510', '1'),
('511', '1'),
('512', '1'),
('512', '2'),
('513', '1'),
('514', '1'),
('515', '1'),
('515', '2'),
('516', '1'),
('516', '2'),
('517', '1'),
('518', '1'),
('518', '2'),
('519', '1'),
('519', '2'),
('520', '1'),
('520', '2'),
('521', '1'),
('522', '1'),
('522', '2'),
('523', '1'),
('523', '2'),
('524', '1'),
('524', '2'),
('525', '1'),
('525', '2'),
('526', '1'),
('527', '1'),
('527', '2'),
('528', '1'),
('529', '1'),
('530', '1'),
('531', '1'),
('531', '2'),
('532', '1'),
('533', '1'),
('534', '1'),
('534', '2'),
('535', '1'),
('535', '2'),
('536', '1'),
('536', '2'),
('537', '1'),
('537', '2'),
('538', '1'),
('538', '2'),
('539', '1'),
('539', '2'),
('540', '1'),
('541', '1'),
('542', '1'),
('543', '1'),
('544', '1'),
('545', '1'),
('545', '2'),
('546', '1'),
('547', '1'),
('547', '3'),
('548', '1'),
('548', '3'),
('549', '1'),
('549', '2'),
('549', '3'),
('550', '1'),
('550', '2'),
('550', '3'),
('551', '1'),
('551', '2'),
('551', '3'),
('552', '1'),
('552', '2'),
('552', '3'),
('553', '1'),
('553', '3'),
('554', '1'),
('554', '2'),
('554', '3'),
('555', '1'),
('555', '3'),
('556', '1'),
('556', '2'),
('556', '3'),
('557', '1'),
('557', '2'),
('557', '3'),
('558', '1'),
('558', '3'),
('559', '1'),
('559', '2'),
('559', '3'),
('560', '1'),
('560', '3'),
('561', '1'),
('561', '2'),
('561', '3'),
('562', '1'),
('562', '2'),
('562', '3'),
('563', '1'),
('563', '3'),
('564', '1'),
('564', '3'),
('565', '1'),
('565', '2'),
('565', '3'),
('566', '1'),
('566', '2'),
('566', '3'),
('567', '1'),
('567', '2'),
('567', '3'),
('568', '1'),
('568', '2'),
('568', '3'),
('569', '1'),
('569', '3'),
('570', '1'),
('570', '2'),
('570', '3'),
('571', '1'),
('571', '2'),
('571', '3'),
('572', '1'),
('572', '3'),
('573', '1'),
('573', '2'),
('573', '3'),
('574', '1'),
('574', '3'),
('575', '1'),
('575', '3'),
('576', '1'),
('576', '2'),
('576', '3'),
('577', '1'),
('577', '2'),
('577', '3'),
('578', '1'),
('578', '3'),
('579', '1'),
('579', '3'),
('580', '1'),
('580', '2'),
('580', '3'),
('581', '1'),
('581', '2'),
('581', '3'),
('582', '1'),
('582', '2'),
('582', '3'),
('583', '1'),
('583', '3'),
('584', '1'),
('584', '3'),
('585', '1'),
('585', '3'),
('586', '1'),
('586', '3'),
('587', '1'),
('587', '3'),
('588', '1'),
('588', '3'),
('589', '1'),
('589', '3'),
('590', '1'),
('590', '3'),
('591', '1'),
('591', '3'),
('592', '1'),
('592', '3'),
('593', '1'),
('593', '3'),
('594', '1'),
('594', '3'),
('595', '1'),
('595', '3'),
('596', '1'),
('596', '3'),
('597', '1'),
('597', '3'),
('598', '1'),
('598', '3'),
('599', '1'),
('599', '3'),
('600', '1'),
('600', '3'),
('601', '1'),
('601', '2'),
('601', '3'),
('602', '1'),
('602', '3'),
('603', '1'),
('603', '2'),
('603', '3'),
('604', '1'),
('604', '3'),
('605', '1'),
('605', '2'),
('605', '3'),
('606', '1'),
('606', '2'),
('606', '3'),
('607', '1'),
('607', '3'),
('608', '1'),
('608', '2'),
('608', '3'),
('609', '1'),
('609', '2'),
('609', '3'),
('610', '1'),
('610', '3'),
('611', '1'),
('611', '2'),
('611', '3'),
('612', '1'),
('612', '3'),
('613', '1'),
('613', '3'),
('614', '1'),
('614', '3'),
('615', '1'),
('615', '2'),
('615', '3'),
('616', '1'),
('616', '2'),
('616', '3'),
('617', '1'),
('617', '3'),
('618', '1'),
('618', '3'),
('619', '1'),
('619', '3'),
('620', '1'),
('620', '3'),
('621', '1'),
('621', '3'),
('622', '1'),
('622', '3'),
('623', '1'),
('623', '2'),
('623', '3'),
('624', '1'),
('624', '3'),
('625', '1'),
('625', '3'),
('626', '1'),
('626', '2'),
('626', '3'),
('627', '1'),
('627', '2'),
('627', '3'),
('628', '1'),
('628', '2'),
('628', '3'),
('629', '1'),
('629', '3'),
('630', '1'),
('630', '3'),
('631', '1'),
('631', '3'),
('632', '1'),
('632', '2'),
('632', '3'),
('633', '1'),
('633', '3'),
('634', '1'),
('634', '2'),
('634', '3'),
('635', '1'),
('635', '2'),
('635', '3'),
('636', '1'),
('636', '3'),
('637', '1'),
('637', '3'),
('638', '1'),
('638', '2'),
('638', '3'),
('639', '1'),
('639', '3'),
('640', '1'),
('640', '2'),
('640', '3'),
('641', '1'),
('641', '3'),
('642', '1'),
('642', '3'),
('643', '1'),
('643', '2'),
('643', '3'),
('644', '1'),
('644', '3'),
('645', '1'),
('645', '2'),
('645', '3'),
('646', '1'),
('646', '2'),
('646', '3'),
('647', '1'),
('647', '2'),
('647', '3'),
('648', '1'),
('648', '2'),
('648', '3'),
('649', '1'),
('649', '3'),
('650', '1'),
('650', '2'),
('650', '3'),
('651', '1'),
('651', '2'),
('651', '3'),
('652', '1'),
('652', '3'),
('653', '1'),
('653', '3'),
('654', '1'),
('654', '2'),
('654', '3'),
('655', '1'),
('655', '3'),
('656', '1'),
('656', '3'),
('657', '1'),
('657', '3'),
('658', '1'),
('658', '2'),
('658', '3'),
('659', '1'),
('659', '2'),
('659', '3'),
('660', '1'),
('660', '3'),
('661', '1'),
('661', '2'),
('661', '3'),
('662', '1'),
('662', '2'),
('662', '3'),
('663', '1'),
('663', '3'),
('664', '1'),
('664', '3'),
('665', '1'),
('665', '3'),
('666', '1'),
('666', '2'),
('666', '3'),
('667', '1'),
('667', '2'),
('667', '3'),
('668', '1'),
('668', '3'),
('669', '1'),
('669', '3'),
('670', '1'),
('670', '3'),
('671', '1'),
('671', '3'),
('672', '1'),
('672', '3'),
('673', '1'),
('673', '3'),
('674', '1'),
('674', '3'),
('675', '1'),
('675', '2'),
('675', '3'),
('676', '1'),
('676', '2'),
('676', '3'),
('677', '1'),
('677', '3'),
('678', '1'),
('678', '2'),
('678', '3'),
('679', '1'),
('679', '2'),
('679', '3'),
('680', '1'),
('680', '2'),
('680', '3'),
('681', '1'),
('681', '2'),
('681', '3'),
('682', '1'),
('682', '3'),
('683', '1'),
('683', '2'),
('683', '3'),
('684', '1'),
('684', '3'),
('685', '1'),
('685', '2'),
('685', '3'),
('686', '1'),
('686', '2'),
('686', '3'),
('687', '1'),
('687', '2'),
('687', '3'),
('688', '1'),
('688', '2'),
('688', '3'),
('689', '1'),
('689', '2'),
('689', '3'),
('690', '1'),
('690', '2'),
('690', '3'),
('691', '1'),
('691', '3'),
('692', '1'),
('692', '2'),
('692', '3'),
('693', '1'),
('693', '2'),
('693', '3'),
('694', '1'),
('694', '3'),
('695', '1'),
('695', '3'),
('696', '1'),
('696', '2'),
('696', '3'),
('697', '1'),
('697', '3'),
('698', '1'),
('698', '2'),
('698', '3'),
('699', '1'),
('699', '3'),
('700', '1'),
('700', '3'),
('701', '1'),
('701', '2'),
('701', '3'),
('702', '1'),
('702', '3'),
('703', '1'),
('703', '3'),
('704', '1'),
('704', '2'),
('704', '3'),
('705', '1'),
('705', '2'),
('705', '3'),
('706', '1'),
('706', '2'),
('706', '3'),
('707', '1'),
('707', '3'),
('708', '1'),
('708', '2'),
('708', '3'),
('709', '1'),
('709', '2'),
('709', '3'),
('710', '1'),
('710', '3'),
('711', '1'),
('711', '2'),
('711', '3'),
('712', '1'),
('712', '3'),
('713', '1'),
('713', '3'),
('714', '1'),
('714', '3'),
('715', '1'),
('715', '2'),
('715', '3'),
('716', '1'),
('716', '2'),
('716', '3'),
('717', '1'),
('717', '3'),
('718', '1'),
('718', '2'),
('718', '3'),
('719', '1'),
('719', '2'),
('719', '3'),
('720', '1'),
('720', '3'),
('721', '1'),
('721', '3'),
('722', '1'),
('722', '3'),
('723', '1'),
('723', '3'),
('724', '1'),
('724', '2'),
('724', '3'),
('725', '1'),
('725', '3'),
('726', '1'),
('726', '2'),
('726', '3'),
('727', '1'),
('727', '2'),
('727', '3'),
('728', '1'),
('728', '2'),
('728', '3'),
('729', '1'),
('729', '3'),
('730', '1'),
('730', '3'),
('731', '1'),
('731', '3'),
('732', '1'),
('732', '2'),
('732', '3'),
('733', '1'),
('733', '3'),
('734', '1'),
('734', '2'),
('734', '3'),
('735', '1'),
('735', '2'),
('735', '3'),
('736', '1'),
('736', '3'),
('737', '1'),
('737', '3'),
('738', '1'),
('738', '2'),
('738', '3'),
('739', '1'),
('739', '2'),
('739', '3'),
('740', '1'),
('740', '3'),
('741', '1'),
('741', '2'),
('741', '3'),
('742', '1'),
('742', '3'),
('743', '1'),
('743', '2'),
('743', '3'),
('744', '1'),
('744', '2'),
('744', '3'),
('745', '1'),
('745', '2'),
('745', '3'),
('746', '1'),
('746', '2'),
('746', '3'),
('747', '1'),
('747', '3'),
('748', '1'),
('748', '2'),
('748', '3'),
('749', '1'),
('749', '2'),
('749', '3'),
('750', '1'),
('750', '2'),
('750', '3'),
('751', '1'),
('751', '2'),
('751', '3'),
('752', '1'),
('752', '2'),
('752', '3'),
('753', '1'),
('753', '3'),
('754', '1'),
('754', '3'),
('755', '1'),
('755', '3'),
('756', '1'),
('756', '3'),
('757', '1'),
('757', '3'),
('758', '1'),
('758', '3'),
('759', '1'),
('759', '2'),
('759', '3'),
('760', '1'),
('760', '2'),
('760', '3'),
('761', '1'),
('761', '2'),
('761', '3'),
('762', '1'),
('762', '3'),
('763', '1'),
('763', '3'),
('764', '1'),
('764', '3'),
('765', '1'),
('765', '2'),
('765', '3'),
('766', '1'),
('766', '2'),
('766', '3'),
('767', '1'),
('767', '2'),
('767', '3'),
('768', '1'),
('768', '2'),
('768', '3'),
('769', '1'),
('769', '3'),
('770', '1'),
('770', '3'),
('771', '1'),
('771', '2'),
('771', '3'),
('772', '1'),
('772', '3'),
('773', '1'),
('773', '3'),
('774', '1'),
('774', '3'),
('775', '1'),
('775', '2'),
('775', '3'),
('776', '1'),
('776', '2'),
('776', '3'),
('777', '1'),
('777', '2'),
('777', '3'),
('778', '1'),
('778', '3'),
('779', '1'),
('779', '3'),
('780', '1'),
('780', '3'),
('781', '1'),
('781', '2'),
('781', '3'),
('782', '1'),
('782', '3'),
('783', '1'),
('783', '3'),
('784', '1'),
('784', '2'),
('784', '3'),
('785', '1'),
('785', '2'),
('785', '3'),
('786', '1'),
('786', '3'),
('787', '1'),
('787', '3'),
('788', '1'),
('788', '3'),
('789', '1'),
('789', '3'),
('790', '1'),
('790', '3'),
('791', '1'),
('791', '3'),
('792', '1'),
('792', '3'),
('793', '1'),
('793', '3'),
('794', '1'),
('794', '2'),
('794', '3'),
('795', '1'),
('795', '2'),
('795', '3'),
('796', '1'),
('796', '3'),
('797', '1'),
('797', '2'),
('797', '3'),
('798', '1'),
('798', '2'),
('798', '3'),
('799', '1'),
('799', '2'),
('799', '3'),
('800', '1'),
('800', '3'),
('801', '2'),
('801', '3'),
('802', '3'),
('803', '3'),
('804', '3'),
('805', '2'),
('805', '3'),
('806', '2'),
('806', '3'),
('807', '2'),
('807', '3'),
('808', '2'),
('808', '3'),
('809', '3'),
('810', '3'),
('811', '2'),
('811', '3'),
('812', '2'),
('812', '3'),
('813', '2'),
('813', '3'),
('814', '2'),
('814', '3'),
('815', '2'),
('815', '3'),
('816', '3'),
('817', '2'),
('817', '3'),
('818', '3'),
('819', '3'),
('820', '2'),
('820', '3'),
('821', '2'),
('821', '3'),
('822', '2'),
('822', '3'),
('823', '2'),
('823', '3'),
('824', '3'),
('825', '3'),
('826', '2'),
('826', '3'),
('827', '2'),
('827', '3'),
('828', '2'),
('828', '3'),
('829', '2'),
('829', '3'),
('830', '2'),
('830', '3'),
('831', '2'),
('831', '3'),
('832', '3'),
('833', '2'),
('833', '3'),
('834', '3'),
('835', '3'),
('836', '2'),
('836', '3'),
('837', '3'),
('838', '2'),
('838', '3'),
('839', '3'),
('840', '2'),
('840', '3'),
('841', '2'),
('841', '3'),
('842', '3'),
('843', '2'),
('843', '3'),
('844', '3'),
('845', '2'),
('845', '3'),
('846', '3'),
('847', '3'),
('848', '3'),
('849', '3'),
('850', '3'),
('851', '3'),
('852', '2'),
('852', '3'),
('853', '3'),
('854', '2'),
('854', '3'),
('855', '3'),
('856', '3'),
('857', '2'),
('857', '3'),
('858', '3'),
('859', '3'),
('860', '3'),
('861', '2'),
('861', '3'),
('862', '3'),
('863', '2'),
('863', '3'),
('864', '3'),
('865', '3'),
('866', '2'),
('866', '3'),
('867', '3'),
('868', '3'),
('869', '2'),
('869', '3'),
('870', '3'),
('871', '2'),
('871', '3'),
('872', '3'),
('873', '2'),
('873', '3'),
('874', '2'),
('874', '3'),
('875', '2'),
('875', '3'),
('876', '3'),
('877', '2'),
('877', '3'),
('878', '3'),
('879', '2'),
('879', '3'),
('880', '2'),
('880', '3'),
('881', '3'),
('882', '3'),
('883', '2'),
('883', '3'),
('884', '3'),
('885', '3'),
('886', '2'),
('886', '3'),
('887', '3'),
('888', '3'),
('889', '3'),
('890', '2'),
('890', '3'),
('891', '2'),
('891', '3'),
('892', '2'),
('892', '3'),
('893', '3'),
('894', '3'),
('895', '2'),
('895', '3'),
('896', '3'),
('897', '2'),
('897', '3'),
('898', '3'),
('899', '3'),
('900', '3'),
('901', '2'),
('901', '3'),
('902', '3'),
('903', '2'),
('903', '3'),
('904', '3'),
('905', '2'),
('905', '3'),
('906', '2'),
('906', '3'),
('907', '3'),
('908', '2'),
('908', '3'),
('909', '2'),
('909', '3'),
('910', '2'),
('910', '3'),
('911', '2'),
('911', '3'),
('912', '2'),
('912', '3'),
('913', '2'),
('913', '3'),
('914', '3'),
('915', '2'),
('915', '3'),
('916', '3'),
('917', '2'),
('917', '3'),
('918', '2'),
('918', '3'),
('919', '3'),
('920', '2'),
('920', '3'),
('921', '2'),
('921', '3'),
('922', '2'),
('922', '3'),
('923', '3'),
('924', '2'),
('924', '3'),
('925', '3'),
('926', '2'),
('926', '3'),
('927', '3'),
('928', '3'),
('929', '3'),
('930', '2'),
('930', '3'),
('931', '3'),
('932', '2'),
('932', '3'),
('933', '2'),
('933', '3'),
('934', '3'),
('935', '2'),
('935', '3'),
('936', '2'),
('936', '3'),
('937', '3'),
('938', '3'),
('939', '2'),
('939', '3'),
('940', '3'),
('941', '3'),
('942', '3'),
('943', '3'),
('944', '2'),
('944', '3'),
('945', '3'),
('946', '2'),
('946', '3'),
('947', '3'),
('948', '3'),
('949', '2'),
('949', '3'),
('950', '2'),
('950', '3'),
('951', '2'),
('951', '3'),
('952', '3'),
('953', '3'),
('954', '2'),
('954', '3'),
('955', '2'),
('955', '3'),
('956', '2'),
('956', '3'),
('957', '2'),
('957', '3'),
('958', '2'),
('958', '3'),
('959', '3'),
('960', '3'),
('961', '2'),
('961', '3'),
('962', '3'),
('963', '2'),
('963', '3'),
('964', '3'),
('965', '3'),
('966', '2'),
('966', '3'),
('967', '3'),
('968', '3'),
('969', '2'),
('969', '3'),
('970', '2'),
('970', '3'),
('971', '3'),
('972', '2'),
('972', '3'),
('973', '3'),
('974', '2'),
('974', '3'),
('975', '2'),
('975', '3'),
('976', '3'),
('977', '3'),
('978', '3'),
('979', '2'),
('979', '3'),
('980', '2'),
('980', '3'),
('981', '3'),
('982', '3'),
('983', '2'),
('983', '3'),
('984', '2'),
('984', '3'),
('985', '3'),
('986', '2'),
('986', '3'),
('987', '3'),
('988', '3'),
('989', '2'),
('989', '3'),
('990', '2'),
('990', '3'),
('991', '3'),
('992', '3'),
('993', '3'),
('994', '3'),
('995', '3'),
('996', '3'),
('997', '3'),
('998', '3'),
('999', '3'),
('1000', '3'),
('1001', '2'),
('1001', '3'),
('1002', '3'),
('1003', '2'),
('1003', '3'),
('1004', '2'),
('1004', '3'),
('1005', '2'),
('1005', '3'),
('1006', '3'),
('1007', '2'),
('1007', '3'),
('1008', '2'),
('1008', '3'),
('1009', '2'),
('1009', '3'),
('1010', '3'),
('1011', '3'),
('1012', '3'),
('1013', '2'),
('1013', '3'),
('1014', '2'),
('1014', '3'),
('1015', '3'),
('1016', '2'),
('1016', '3'),
('1017', '2'),
('1017', '3'),
('1018', '2'),
('1018', '3'),
('1019', '3'),
('1020', '3'),
('1021', '3'),
('1022', '2'),
('1022', '3'),
('1023', '3'),
('1024', '2'),
('1024', '3'),
('1025', '2'),
('1025', '3'),
('1026', '3'),
('1027', '3'),
('1028', '3'),
('1029', '3'),
('1030', '3'),
('1031', '2'),
('1031', '3'),
('1032', '2'),
('1032', '3'),
('1033', '2'),
('1033', '3'),
('1034', '3'),
('1035', '2'),
('1035', '3'),
('1036', '3'),
('1037', '3'),
('1038', '2'),
('1038', '3'),
('1039', '2'),
('1039', '3'),
('1040', '3'),
('1041', '3'),
('1042', '2'),
('1042', '3'),
('1043', '3'),
('1044', '3'),
('1045', '2'),
('1045', '3'),
('1046', '2'),
('1046', '3'),
('1047', '3'),
('1048', '2'),
('1048', '3'),
('1049', '2'),
('1049', '3'),
('1050', '2'),
('1050', '3'),
('1051', '3'),
('1052', '2'),
('1052', '3'),
('1053', '3'),
('1054', '2'),
('1054', '3'),
('1055', '3'),
('1056', '2'),
('1056', '3'),
('1057', '3'),
('1058', '3'),
('1059', '3'),
('1060', '2'),
('1060', '3'),
('1061', '2'),
('1061', '3'),
('1062', '3'),
('1063', '3'),
('1064', '2'),
('1064', '3'),
('1065', '3'),
('1066', '2'),
('1066', '3'),
('1067', '2'),
('1067', '3'),
('1068', '2'),
('1068', '3'),
('1069', '3'),
('1070', '3'),
('1071', '3'),
('1072', '3'),
('1073', '3'),
('1074', '2'),
('1074', '3'),
('1075', '2'),
('1075', '3'),
('1076', '3'),
('1077', '2'),
('1077', '3'),
('1078', '2'),
('1078', '3'),
('1079', '3'),
('1080', '3'),
('1081', '2'),
('1081', '3'),
('1082', '3'),
('1083', '3'),
('1084', '3'),
('1085', '3'),
('1086', '3'),
('1087', '2'),
('1087', '3'),
('1088', '3'),
('1089', '3'),
('1090', '3'),
('1091', '2'),
('1091', '3'),
('1092', '2'),
('1092', '3'),
('1093', '2'),
('1093', '3'),
('1094', '2'),
('1094', '3'),
('1095', '2'),
('1095', '3'),
('1096', '3'),
('1097', '3'),
('1098', '3'),
('1099', '2'),
('1099', '3'),
('1100', '2'),
('1100', '3'),
('1101', '3'),
('1102', '3'),
('1103', '3'),
('1104', '3'),
('1105', '3'),
('1106', '3'),
('1107', '3'),
('1108', '3'),
('1109', '3'),
('1110', '3'),
('1111', '2'),
('1111', '3'),
('1112', '2'),
('1112', '3'),
('1113', '2'),
('1113', '3'),
('1114', '3'),
('1115', '2'),
('1115', '3'),
('1116', '3'),
('1117', '3'),
('1118', '3'),
('1119', '3'),
('1120', '3'),
('1121', '3'),
('1122', '2'),
('1122', '3'),
('1123', '2'),
('1123', '3'),
('1124', '2'),
('1124', '3'),
('1125', '3'),
('1126', '3'),
('1127', '2'),
('1127', '3'),
('1128', '3'),
('1129', '3'),
('1130', '3'),
('1131', '3'),
('1132', '3'),
('1133', '3'),
('1134', '2'),
('1134', '3'),
('1135', '3'),
('1136', '3'),
('1137', '2'),
('1137', '3'),
('1138', '2'),
('1138', '3'),
('1139', '3'),
('1140', '2'),
('1140', '3'),
('1141', '3'),
('1142', '2'),
('1142', '3'),
('1143', '2'),
('1143', '3'),
('1144', '2'),
('1144', '3'),
('1145', '3'),
('1146', '3'),
('1147', '3'),
('1148', '3'),
('1149', '3'),
('1150', '3'),
('1151', '2'),
('1151', '3'),
('1152', '3'),
('1153', '3'),
('1154', '2'),
('1154', '3'),
('1155', '3'),
('1156', '2'),
('1156', '3'),
('1157', '2'),
('1157', '3'),
('1158', '2'),
('1158', '3'),
('1159', '3'),
('1160', '3'),
('1161', '2'),
('1161', '3'),
('1162', '2'),
('1162', '3'),
('1163', '3'),
('1164', '3'),
('1165', '2'),
('1165', '3'),
('1166', '2'),
('1166', '3'),
('1167', '2'),
('1167', '3'),
('1168', '2'),
('1168', '3'),
('1169', '3'),
('1170', '2'),
('1170', '3'),
('1171', '2'),
('1171', '3'),
('1172', '3'),
('1173', '3'),
('1174', '2'),
('1174', '3'),
('1175', '2'),
('1175', '3'),
('1176', '2'),
('1176', '3'),
('1177', '3'),
('1178', '2'),
('1178', '3'),
('1179', '3'),
('1180', '2'),
('1180', '3'),
('1181', '3'),
('1182', '2'),
('1182', '3'),
('1183', '2'),
('1183', '3'),
('1184', '2'),
('1184', '3'),
('1185', '2'),
('1185', '3'),
('1186', '2'),
('1186', '3'),
('1187', '2'),
('1187', '3'),
('1188', '2'),
('1188', '3'),
('1189', '2'),
('1189', '3'),
('1190', '2'),
('1190', '3'),
('1191', '3'),
('1192', '3'),
('1193', '2'),
('1193', '3'),
('1194', '2'),
('1194', '3'),
('1195', '2'),
('1195', '3'),
('1196', '3'),
('1197', '2'),
('1197', '3'),
('1198', '2'),
('1198', '3'),
('1199', '2'),
('1199', '3'),
('1200', '2'),
('1200', '3'),
('1201', '2'),
('1201', '3'),
('1202', '3'),
('1203', '2'),
('1203', '3'),
('1204', '3'),
('1205', '3'),
('1206', '3'),
('1207', '2'),
('1207', '3'),
('1208', '2'),
('1208', '3'),
('1209', '3'),
('1210', '3'),
('1211', '3'),
('1212', '3'),
('1213', '3'),
('1214', '3'),
('1215', '3'),
('1216', '2'),
('1216', '3'),
('1217', '2'),
('1217', '3'),
('1218', '3'),
('1219', '3'),
('1220', '2'),
('1220', '3'),
('1221', '2'),
('1221', '3'),
('1222', '3'),
('1223', '3'),
('1224', '2'),
('1224', '3'),
('1225', '2'),
('1225', '3'),
('1226', '2'),
('1226', '3'),
('1227', '3'),
('1228', '3'),
('1229', '3'),
('1230', '2'),
('1230', '3'),
('1231', '3'),
('1232', '2'),
('1232', '3'),
('1233', '3'),
('1234', '3'),
('1235', '2'),
('1235', '3'),
('1236', '2'),
('1236', '3'),
('1237', '3'),
('1238', '3'),
('1239', '3'),
('1240', '3'),
('1241', '2'),
('1241', '3'),
('1242', '2'),
('1242', '3'),
('1243', '2'),
('1243', '3'),
('1244', '2'),
('1244', '3'),
('1245', '2'),
('1245', '3'),
('1246', '3'),
('1247', '2'),
('1247', '3'),
('1248', '3'),
('1249', '3'),
('1250', '3'),
('1251', '3'),
('1252', '2'),
('1252', '3'),
('1253', '2'),
('1253', '3'),
('1254', '2'),
('1254', '3'),
('1255', '2'),
('1255', '3'),
('1256', '2'),
('1256', '3'),
('1257', '2'),
('1257', '3'),
('1258', '2'),
('1258', '3'),
('1259', '2'),
('1259', '3'),
('1260', '3'),
('1261', '2'),
('1261', '3'),
('1262', '3'),
('1263', '2'),
('1263', '3'),
('1264', '2'),
('1264', '3'),
('1265', '2'),
('1265', '3'),
('1266', '2'),
('1266', '3'),
('1267', '3'),
('1268', '3'),
('1269', '3'),
('1270', '2'),
('1270', '3'),
('1271', '2'),
('1271', '3'),
('1272', '2'),
('1272', '3'),
('1273', '3'),
('1274', '3'),
('1275', '3'),
('1276', '3'),
('1277', '3'),
('1278', '3'),
('1279', '3'),
('1280', '2'),
('1280', '3'),
('1281', '3'),
('1282', '3'),
('1283', '2'),
('1283', '3'),
('1284', '2'),
('1284', '3'),
('1285', '2'),
('1285', '3'),
('1286', '2'),
('1286', '3'),
('1287', '2'),
('1287', '3'),
('1288', '2'),
('1288', '3'),
('1289', '2'),
('1289', '3'),
('1290', '3'),
('1291', '2'),
('1291', '3'),
('1292', '2'),
('1292', '3'),
('1293', '2'),
('1293', '3'),
('1294', '2'),
('1294', '3'),
('1295', '3'),
('1296', '3'),
('1297', '3'),
('1298', '3'),
('1299', '3'),
('1300', '3'),
('1301', '2'),
('1301', '3'),
('1302', '3'),
('1303', '2'),
('1303', '3'),
('1304', '3'),
('1305', '2'),
('1305', '3'),
('1306', '2'),
('1306', '3'),
('1307', '2'),
('1307', '3'),
('1308', '2'),
('1308', '3'),
('1309', '3'),
('1310', '3'),
('1311', '3'),
('1312', '3'),
('1313', '2'),
('1313', '3'),
('1314', '3'),
('1315', '2'),
('1315', '3'),
('1316', '2'),
('1316', '3'),
('1317', '2'),
('1317', '3'),
('1318', '2'),
('1318', '3'),
('1319', '2'),
('1319', '3'),
('1320', '3'),
('1321', '3'),
('1322', '2'),
('1322', '3'),
('1323', '3'),
('1324', '3'),
('1325', '2'),
('1325', '3'),
('1326', '3'),
('1327', '3'),
('1328', '2'),
('1328', '3'),
('1329', '3'),
('1330', '2'),
('1330', '3'),
('1331', '2'),
('1331', '3'),
('1332', '2'),
('1332', '3'),
('1333', '3'),
('1334', '2'),
('1334', '3'),
('1335', '2'),
('1335', '3'),
('1336', '3'),
('1337', '2'),
('1337', '3'),
('1338', '2'),
('1338', '3'),
('1339', '2'),
('1339', '3'),
('1340', '2'),
('1340', '3'),
('1341', '3'),
('1342', '2'),
('1342', '3'),
('1343', '3'),
('1344', '2'),
('1344', '3'),
('1345', '2'),
('1345', '3'),
('1346', '3'),
('1348', '2');

-- --------------------------------------------------------

--
-- Structure de la table `PANEL`
--

CREATE TABLE `PANEL` (
  `idpan` decimal(3,0) NOT NULL,
  `nompan` varchar(30) DEFAULT NULL
) ENGINE=InnoDB DEFAULT CHARSET=utf8;

--
-- Déchargement des données de la table `PANEL`
--

INSERT INTO `PANEL` (`idpan`, `nompan`) VALUES
('1', 'France global 1'),
('2', 'Moins de 50 ans'),
('3', 'France global 2');

-- --------------------------------------------------------

--
-- Structure de la table `SONDE`
--

CREATE TABLE `SONDE` (
  `numsond` decimal(6,0) NOT NULL,
  `nomsond` varchar(30) DEFAULT NULL,
  `prenomsond` varchar(30) DEFAULT NULL,
  `datenaissond` date DEFAULT NULL,
  `telephonesond` varchar(10) DEFAULT NULL,
  `idc` char(3) DEFAULT NULL
) ENGINE=InnoDB DEFAULT CHARSET=utf8;

--
-- Déchargement des données de la table `SONDE`
--

INSERT INTO `SONDE` (`numsond`, `nomsond`, `prenomsond`, `datenaissond`, `telephonesond`, `idc`) VALUES
('1', 'BANAZIAI', 'Mathieu', '1983-01-23', '0415700849', 'H26'),
('2', 'DONGEPLI', 'Charlotte', '1985-04-22', '0968323713', 'F26'),
('3', 'BOBAINO', 'Robin', '1958-11-23', '0548638156', 'H58'),
('4', 'BOUTIDICHT', 'Rokhaya', '1985-11-04', '0195292189', 'F25'),
('5', 'VIZZON', 'Pierre-adrien', '1997-05-27', '0943288321', 'H18'),
('6', 'MAZOUX', 'Juliette', '1977-08-01', '0310769891', 'F37'),
('7', 'NACHOSOU', 'Mathieu', '1985-12-14', '0917665384', 'H28'),
('8', 'RERCART', 'Louane', '1972-06-11', '0873709595', 'F34'),
('9', 'RORELAMAU', 'Maxime', '1965-08-12', '0244596789', 'H45'),
('10', 'GRELIS', 'Leana', '1983-10-25', '012782234', 'F22'),
('11', 'RAHWETT', 'Pierrick', '1983-03-06', '0852612430', 'H26'),
('12', 'HUELETE', 'Rokhaya', '1983-05-19', '0984295512', 'F27'),
('13', 'RODEANASI', 'Thibault', '1957-07-09', '0242730092', 'H58'),
('14', 'COYDOT', 'Capucine', '1986-11-24', '0684675178', 'F28'),
('15', 'BRUVONORONE', 'Thomas', '1984-08-20', '0365481661', 'H23'),
('16', 'BOURIER', 'Caroline', '1959-07-13', '0444890901', 'F44'),
('17', 'LARQUIER', 'Jean-baptiste', '1974-04-05', '0993248134', 'H37'),
('18', 'BORCY', 'Manon', '1956-03-15', '0294847956', 'F58'),
('19', 'CHENAU', 'Malory', '1943-01-17', '0576779667', 'H68'),
('20', 'BAUNN', 'Eléna', '1947-06-08', '016689252', 'F68'),
('21', 'MEY', 'Remy', '1977-06-16', '0339723609', 'H35'),
('22', 'ANGUET', 'Capucine', '1945-09-01', '0822391639', 'F68'),
('23', 'BESCER', 'Antoine', '1948-11-05', '0224044533', 'H68'),
('24', 'FAN', 'Leana', '1958-02-12', '0233248096', 'F58'),
('25', 'LANINCHA', 'Kevin', '1987-01-20', '0230539969', 'H26'),
('26', 'ABON', 'Eléna', '1995-01-25', '0532115378', 'F11'),
('27', 'MOURN', 'Teddy', '1987-08-08', '0864370136', 'H22'),
('28', 'RHARELTERI', 'Cindy', '1996-08-26', '0774668445', 'F14'),
('29', 'DAMY', 'Baptiste', '1972-02-19', '0964350769', 'H32'),
('30', 'DARTIQUER', 'Jade', '1959-06-13', '0721545638', 'F46'),
('31', 'DILY', 'Jean', '1996-02-19', '0444237808', 'H16'),
('32', 'MALNNELIER', 'Clara', '1951-12-27', '0790154263', 'F58'),
('33', 'WIMPURO', 'Alan', '1949-04-09', '0460677721', 'H57'),
('34', 'SCHINDON', 'Rokhaya', '1978-01-21', '0694494484', 'F33'),
('35', 'GAIZIK', 'Leo', '1951-06-21', '0323596929', 'H57'),
('36', 'MABIKIN', 'Léa', '1994-02-03', '0185763621', 'F16'),
('37', 'ZOLONES', 'Thomas', '1962-01-04', '0810258280', 'H44'),
('38', 'RURTRAU', 'Clara', '1968-09-27', '0242595480', 'F45'),
('39', 'ROSQ', 'Yohann', '1957-10-24', '059343720', 'H57'),
('40', 'CHAUSS', 'Léa', '1971-02-14', '0813724598', 'F32'),
('41', 'MAUSERD', 'Clement', '1981-03-22', '0637394765', 'H27'),
('42', 'EVRRNI', 'Elsa', '1960-08-03', '0184879827', 'F47'),
('43', 'ALLFIN', 'Olivier', '1997-02-24', '0326797107', 'H15'),
('44', 'CHABENCI', 'Romane', '1991-04-28', '0711033407', 'F16'),
('45', 'KAITILÉ', 'Florentin', '1945-12-19', '0328910430', 'H67'),
('46', 'LOURILLO', 'Alice', '1977-03-20', '0925339609', 'F34'),
('47', 'YAMOUL', 'Nicolas', '1956-02-12', '0159095067', 'H57'),
('48', 'SGOIGERE', 'Anaïs', '1951-10-27', '0371456863', 'F57'),
('49', 'CENOTHER', 'Mehdi', '1979-08-25', '0151916331', 'H27'),
('50', 'SIDIVI', 'Elisa', '1949-06-12', '0515318537', 'F57'),
('51', 'LUEBIMBE', 'Paul-Antoine', '1953-10-21', '0672024664', 'H57'),
('52', 'MHUGRY', 'Félicie', '1948-12-24', '0948130244', 'F67'),
('53', 'CHENQUARGON', 'Kevin', '1950-10-10', '0578379303', 'H57'),
('54', 'DASNIEY', 'Célia', '1965-04-21', '0847341005', 'F45'),
('55', 'FLLLAN', 'Johan', '1995-03-12', '0811236590', 'H17'),
('56', 'RARPI', 'Agathe', '1977-01-16', '0989113470', 'F37'),
('57', 'DJOUDE', 'Romain', '1998-11-06', '0463977773', 'H14'),
('58', 'CRBIN', 'Eléna', '1963-10-03', '0586262692', 'F44'),
('59', 'BESSS', 'Dimitri', '1972-07-12', '0621530897', 'H34'),
('60', 'MANC', 'Marion', '1987-11-01', '0214334370', 'F27'),
('61', 'BOUBON', 'Matthias', '1998-02-18', '0276324787', 'H17'),
('62', 'BEFOCINES', 'Roxane', '1985-04-23', '0278581792', 'F25'),
('63', 'DUBANER', 'Ludovic', '1961-01-02', '0713480161', 'H43'),
('64', 'MONAEUER', 'Lou', '1980-12-09', '0556131916', 'F26'),
('65', 'BARY', 'Aurelien', '1944-04-16', '0789948585', 'H67'),
('66', 'SUMANT', 'Manon', '1993-03-04', '0166157460', 'F15'),
('67', 'SARRAS', 'Gilian', '1955-04-08', '0334003604', 'H57'),
('68', 'CHUTARIE', 'Faustine', '1940-09-22', '0747118618', 'F67'),
('69', 'DRUTET', 'Kévin', '1998-02-21', '042184234', 'H13'),
('70', 'SOUMBIART', 'Claire', '1989-05-13', '0612905845', 'F13'),
('71', 'THOVI', 'Pierre-adrien', '1968-02-22', '0326872473', 'H45'),
('72', 'TAUAIER', 'Nolwenn', '1959-04-19', '0431907644', 'F43'),
('73', 'LEGELAM', 'Yan', '1942-03-17', '0426538554', 'H67'),
('74', 'BIAMERD', 'Alicia', '1996-12-26', '072768010', 'F15'),
('75', 'MOWUNER', 'Ismael', '1952-04-05', '0741751286', 'H57'),
('76', 'THARCHEL', 'Alice', '1974-02-10', '0174409066', 'F34'),
('77', 'URILAN', 'Yanaël', '1963-11-28', '0317664485', 'H47'),
('78', 'LELD', 'Lena', '1963-07-10', '0674273637', 'F45'),
('79', 'THALOUERD', 'Olivier', '1989-12-15', '059907446', 'H16'),
('80', 'DARL', 'Marion', '1970-04-07', '019390164', 'F33'),
('81', 'DEPTEA', 'Florent', '1946-12-16', '0272781666', 'H67'),
('82', 'GALGOT', 'Félicie', '1977-01-15', '0494765378', 'F36'),
('83', 'GELLENET', 'Thomas', '1972-09-13', '0631541782', 'H35'),
('84', 'BALEOSIX', 'Margaux', '1971-04-18', '0199783613', 'F33'),
('85', 'CLLET', 'Malory', '1970-03-23', '0158125220', 'H37'),
('86', 'LECHOT', 'Imane', '1941-05-12', '0779746138', 'F67'),
('87', 'GAUCEAU', 'Mehdi', '1976-10-15', '04672508', 'H35'),
('88', 'CORBINT', 'Lucie', '1945-10-26', '0194876211', 'F67'),
('89', 'CHAURD', 'Quentin', '1950-06-01', '0343655490', 'H57'),
('90', 'MARAT', 'Domitille', '1972-07-13', '0599440667', 'F35'),
('91', 'ME', 'Amaury', '1965-02-23', '089725563', 'H45'),
('92', 'TUXAN', 'Alicia', '1947-01-08', '0140051306', 'F67'),
('93', 'CODE', 'Seyyid', '1946-10-28', '0999959417', 'H66'),
('94', 'PIJADA', 'Solene', '1961-08-06', '0483577670', 'F45'),
('95', 'SUFELLICKI', 'Quentin', '1968-12-15', '0789938517', 'H44'),
('96', 'SINTAST', 'Clémence', '1947-09-28', '0812283765', 'F64'),
('97', 'BREUSEROU', 'Hugo', '1943-12-13', '0261491360', 'H64'),
('98', 'LOLOUN', 'Ambre', '1965-03-19', '0659728265', 'F43'),
('99', 'GAURCHAY', 'Pierre-Adrien', '1942-11-17', '0715559978', 'H64'),
('100', 'ELHINDON', 'Clara', '1942-12-07', '01291544', 'F64'),
('101', 'GAMARTAMER', 'Clement', '1993-01-06', '0262265467', 'H12'),
('102', 'OLANGBL', 'Blandine', '1977-03-03', '0343118078', 'F37'),
('103', 'BROUN', 'Pierre-Etienne', '1968-12-01', '0710929330', 'H42'),
('104', 'CHANAONTES', 'Blandine', '1948-03-14', '0241691371', 'F68'),
('105', 'LE', 'Thomas', '1953-01-26', '0687283496', 'H58'),
('106', 'GOIMST', 'Camille', '1994-11-03', '0611023568', 'F11'),
('107', 'DURCEC', 'Leo', '1969-11-07', '0392579980', 'H32'),
('108', 'SIRINCHET', 'Eléna', '1990-07-11', '026498764', 'F18'),
('109', 'ROIDRA', 'Alan', '1979-06-27', '0537597771', 'H27'),
('110', 'LADJAND', 'Eden', '1958-05-17', '0230383177', 'F58'),
('111', 'DETAICHERER', 'Guillaume', '1953-05-22', '0771118719', 'H58'),
('112', 'ALEIDJI', 'Clara', '1941-11-28', '0350267492', 'F68'),
('113', 'LUPATRD', 'Baptiste', '1987-06-19', '0114184424', 'H28'),
('114', 'OGUREI', 'Alicia', '1979-09-21', '0345109240', 'F24'),
('115', 'DICOIN', 'Mathieu', '1984-07-22', '0574018196', 'H28'),
('116', 'BOUERANIE', 'Marie-Laure', '1990-05-22', '0410983362', 'F17'),
('117', 'TAMILHAT', 'Guillaume', '1995-12-16', '0596073571', 'H17'),
('118', 'LECAT', 'Clara', '1980-03-05', '0339202466', 'F22'),
('119', 'VARAUN', 'Maxime', '1988-05-20', '0154470270', 'H23'),
('120', 'GYRCHI', 'Pauline', '1941-11-07', '088169291', 'F68'),
('121', 'COQUERE', 'Valentin', '1961-08-20', '0855923373', 'H48'),
('122', 'GAPON', 'Alice', '1971-08-23', '0664479068', 'F38'),
('123', 'BOCOULT', 'Matthias', '1969-10-09', '0322102154', 'H36'),
('124', 'FLAMBVI', 'Lucie', '1960-05-09', '084905178', 'F48'),
('125', 'BOUCHAN', 'Willy', '1947-10-25', '0883967537', 'H67'),
('126', 'PINCHET', 'Enora', '1975-11-01', '0847373226', 'F34'),
('127', 'AILL', 'Teddy', '1939-11-24', '0218405595', 'H67'),
('128', 'COURANSI', 'Léonie', '1957-11-05', '0186271123', 'F57'),
('129', 'DUBRE', 'Dylan', '1976-10-01', '054774430', 'H35'),
('130', 'VICAFRD', 'Sarah', '1942-01-17', '0974228914', 'F67'),
('131', 'PLALL', 'Seyyid', '1963-05-23', '0274293120', 'H47'),
('132', 'FE', 'Chloé', '1953-01-05', '0228147363', 'F57'),
('133', 'KUSADET', 'Baptiste', '1994-08-19', '0432641079', 'H17'),
('134', 'JAMELIR', 'Mila', '1983-09-10', '0799693374', 'F24'),
('135', 'LAMIST', 'Thibault', '1939-03-15', '0959767336', 'H67'),
('136', 'CHAMEMI', 'Célia', '1968-01-15', '0436207593', 'F45'),
('137', 'WOURERD', 'David', '1944-09-15', '0345584161', 'H67'),
('138', 'GIRJA', 'Anaïs', '1983-12-13', '0448934661', 'F23'),
('139', 'YA', 'Mehdi', '1951-09-01', '0987271341', 'H57'),
('140', 'RAITIN', 'Domitille', '1982-06-21', '0560977813', 'F25'),
('141', 'LIL', 'Robin', '1981-08-13', '058500547', 'H25'),
('142', 'DERRCIC', 'Faustine', '1980-02-18', '0989728113', 'F25'),
('143', 'BOUTS', 'Adrien', '1992-02-15', '0493312394', 'H14'),
('144', 'SOTTIN', 'Elsa', '1981-05-17', '0190352818', 'F25'),
('145', 'RORTRIA', 'Leo', '1972-04-10', '0951635022', 'H35'),
('146', 'PODIS', 'Olivia', '1964-01-06', '0544265437', 'F46'),
('147', 'PRAVARC', 'Darenn', '1969-10-06', '0560332140', 'H36'),
('148', 'PEBRCO', 'Mila', '1959-06-10', '0176526997', 'F46'),
('149', 'GAGRONSE', 'Emeric', '1989-04-13', '0677972389', 'H15'),
('150', 'SABEOC', 'Lena', '1943-11-14', '0353631551', 'F67'),
('151', 'SIGAUD', 'Kevin', '1983-03-06', '0784794269', 'H26'),
('152', 'CHRIRY', 'Leana', '1948-03-17', '0995257160', 'F67'),
('153', 'MARTREUX', 'Dorian', '1974-07-28', '0573174056', 'H34'),
('154', 'CHEGETIRO', 'Clara', '1989-08-10', '0950916834', 'F13'),
('155', 'JARA', 'Jeremy', '1990-12-26', '0920714732', 'H16'),
('156', 'HAIROT', 'Célia', '1986-07-12', '0712172705', 'F24'),
('157', 'JOULLEUM', 'Damien', '1992-04-07', '0819207155', 'H16'),
('158', 'LANAIEVAU', 'Blandine', '1993-03-17', '0348933417', 'F15'),
('159', 'PATOT', 'Quentin', '1967-12-01', '0910177476', 'H47'),
('160', 'COME', 'Blandine', '1993-12-28', '0110840762', 'F17'),
('161', 'GUIN', 'Nicolas', '1944-05-05', '0435809369', 'H67'),
('162', 'ALILLANONH', 'Coralie', '1951-12-24', '086077133', 'F57'),
('163', 'LAPHEZ', 'Timothe', '1948-01-09', '0382363176', 'H67'),
('164', 'MOLVALIN', 'Ambre', '1966-01-02', '0635998872', 'F46'),
('165', 'MIERA', 'Baptiste', '1974-03-22', '0267260921', 'H33'),
('166', 'DRARAMAN', 'Mathilde', '1987-05-19', '0799984345', 'F26'),
('167', 'MARHE', 'Baptiste', '1982-12-19', '0920652240', 'H26'),
('168', 'MA', 'Clara', '1995-09-03', '0213716266', 'F17'),
('169', 'MAVINT', 'Tanguy', '1945-02-07', '0873112513', 'H67'),
('170', 'VAMONIE', 'Camille', '1940-03-12', '0428655990', 'F67'),
('171', 'FARTE', 'Lucien', '1954-03-07', '098779447', 'H57'),
('172', 'RARN', 'Louane', '1960-10-09', '0519920146', 'F46'),
('173', 'CRASERET', 'Anthony', '1969-08-11', '0668333093', 'H36'),
('174', 'LIEVAR', 'Juliette', '1945-02-03', '0778621762', 'F67'),
('175', 'GROUEF', 'Olivier', '1971-08-12', '0462750201', 'H33'),
('176', 'IMOULOUER', 'Julia', '1964-02-18', '0468495773', 'F44'),
('177', 'GOCLIS', 'Quentin', '1975-06-22', '0795246307', 'H34'),
('178', 'PRAMARARE', 'Charlotte', '1953-05-11', '0859774793', 'F57'),
('179', 'GERY', 'Thibault', '1942-02-04', '0912801895', 'H67'),
('180', 'LENJRET', 'Eva', '1960-02-16', '024947353', 'F44'),
('181', 'HELVATAER', 'David', '1977-07-24', '0573072115', 'H37'),
('182', 'PONE', 'Agathe', '1972-04-04', '0223858799', 'F33'),
('183', 'COUTINTERG', 'Baptiste', '1978-02-10', '0346896981', 'H34'),
('184', 'ANTIDHIAN', 'Solene', '1998-07-18', '0915228315', 'F15'),
('185', 'CHONN', 'Bilal', '1970-11-05', '031361727', 'H34'),
('186', 'TREVAZ', 'Valentine', '1970-04-07', '0627286038', 'F37'),
('187', 'FA', 'Benjamin', '1958-12-28', '0887570404', 'H57'),
('188', 'DA', 'Anaïs', '1953-12-19', '0419460076', 'F57'),
('189', 'LE', 'Romain', '1953-11-12', '0853305616', 'H55'),
('190', 'HUST', 'Elisa', '1963-04-08', '0249250870', 'F45'),
('191', 'BOSALEY', 'Jessy', '1952-08-02', '0682922969', 'H55'),
('192', 'MILLEIN', 'Leana', '1962-02-08', '0458066160', 'F43'),
('193', 'DANDY', 'Emeric', '1956-12-12', '0125495425', 'H55'),
('194', 'MANONA', 'Imane', '1948-08-07', '0198583697', 'F65'),
('195', 'PERY', 'Jean', '1968-10-06', '0785983943', 'H43'),
('196', 'WARRA', 'Ambre', '1947-09-07', '0854141187', 'F65'),
('197', 'DARO', 'Axel', '1953-02-08', '0430605169', 'H54'),
('198', 'SIVETU', 'Solene', '1965-02-12', '0659073797', 'F43'),
('199', 'WAINER', 'Theo', '1950-02-09', '0250498131', 'H54'),
('200', 'ORIL', 'Nina', '1961-09-09', '0116669609', 'F44'),
('201', 'MAGUMBEA', 'Jessy', '1979-06-26', '0534371201', 'H25'),
('202', 'BREL', 'Charlotte', '1984-02-28', '0887828479', 'F22'),
('203', 'BECHARD', 'Guillaume', '1942-06-03', '0876240804', 'H68'),
('204', 'RILAUER', 'Eva', '1988-01-21', '043089398', 'F22'),
('205', 'GOUCHET', 'Gilian', '1941-12-05', '0650921266', 'H68'),
('206', 'PEN', 'Juliette', '1992-10-21', '0762566448', 'F12'),
('207', 'GUCHALE', 'Adrien', '1941-09-05', '0564261144', 'H68'),
('208', 'VERT', 'Caroline', '1956-04-13', '031234262', 'F58'),
('209', 'BOUSOUX', 'Nicolas', '1993-04-11', '0486863431', 'H18'),
('210', 'GODRR', 'Léa', '1986-04-15', '0934255788', 'F27'),
('211', 'FOUINIT', 'Morcy', '1953-03-28', '0493312931', 'H58'),
('212', 'FARBLAU', 'Maëlys', '1988-10-07', '0634376395', 'F24'),
('213', 'JUGU', 'Julien', '1944-02-04', '0856021490', 'H68'),
('214', 'LOUMAN', 'Agathe', '1940-01-28', '0660736851', 'F68'),
('215', 'BESSINA', 'Adrien', '1940-08-07', '0877055775', 'H68'),
('216', 'ROUX', 'Rokhaya', '1960-03-17', '0818503456', 'F45'),
('217', 'DE', 'Pierre-Etienne', '1989-09-01', '0583256696', 'H16'),
('218', 'SESHAUIN', 'Claire', '1982-12-10', '0412469886', 'F28'),
('219', 'RODTINT', 'Allan', '1960-05-06', '0875067399', 'H44'),
('220', 'MOCHET', 'Faustine', '1941-05-28', '0910902060', 'F68'),
('221', 'DENIEONC', 'Quentin', '1991-11-15', '0759308573', 'H13'),
('222', 'MESOST', 'Eloïse', '1978-04-22', '0581010710', 'F38'),
('223', 'DENJUE', 'Benoit', '1994-02-12', '0170125642', 'H17'),
('224', 'ROOYEIET', 'Lola', '1978-03-16', '0299984316', 'F34'),
('225', 'COUCIER', 'Baptiste', '1993-08-26', '0236494961', 'H14'),
('226', 'BELAY', 'Charlotte', '1985-06-08', '084292449', 'F27'),
('227', 'GURCEND', 'Paul', '1981-08-26', '0730146261', 'H26'),
('228', 'DERT', 'Anna', '1961-05-20', '0733496905', 'F43'),
('229', 'DUSSIEROUR', 'Thomas', '1958-11-10', '0297481498', 'H57'),
('230', 'ALEGBIALLO', 'Noemie', '1968-11-18', '0962908309', 'F46'),
('231', 'DELANONA', 'Jetmir', '1995-04-10', '0668391825', 'H14'),
('232', 'MADEGALLLA', 'Olivia', '1965-08-23', '0886761851', 'F46'),
('233', 'RILAUIN', 'Antoine', '1983-01-20', '0691284475', 'H26'),
('234', 'KAIEUN', 'Mathilde', '1980-06-22', '0687194808', 'F23'),
('235', 'MARCOUSEZ', 'Nino', '1957-11-12', '0447614296', 'H57'),
('236', 'MAMOT', 'Eloïse', '1979-07-05', '0849838955', 'F27'),
('237', 'RANBOUDERY', 'Maxence', '1983-02-12', '0283698534', 'H26'),
('238', 'THAUIEAY', 'Margaux', '1995-03-18', '0490038606', 'F16'),
('239', 'VAUNCERE', 'Matthias', '1995-03-03', '0472218891', 'H16'),
('240', 'FA', 'Eva', '1996-11-15', '0312703906', 'F17'),
('241', 'BUGONHINC', 'Sebastien', '1993-01-04', '0374773509', 'H13'),
('242', 'BAIG', 'Léa', '1941-01-20', '036445349', 'F67'),
('243', 'HUILOUD', 'Antoine', '1964-02-23', '0799842048', 'H41'),
('244', 'MUMARDE', 'Claire', '1963-04-07', '0956782304', 'F46'),
('245', 'DUC', 'Maxence', '1945-09-26', '0547552875', 'H67'),
('246', 'RORIAN', 'Léonie', '1982-05-22', '0968093614', 'F24'),
('247', 'PRULANE', 'Josselin', '1966-01-04', '0125305196', 'H45'),
('248', 'TRICHED', 'Mathilde', '1966-10-23', '0715383796', 'F43'),
('249', 'MERVAD', 'Marc', '1980-08-19', '0816358565', 'H25'),
('250', 'DE', 'Romane', '1939-12-16', '0399105825', 'F67'),
('251', 'ELOPIRD', 'Dimitri', '1960-04-16', '0994764469', 'H46'),
('252', 'MAUQURD', 'Marion', '1972-04-03', '0640855442', 'F34'),
('253', 'JATECHU', 'Jean', '1973-12-10', '0191549385', 'H37'),
('254', 'VOBART', 'Cindy', '1959-08-13', '0764755334', 'F47'),
('255', 'LELLEN', 'Nicolas', '1967-11-02', '0260013324', 'H46'),
('256', 'RONARD', 'Juliette', '1984-10-01', '0394137927', 'F26'),
('257', 'HOILLAUI', 'Bilal', '1961-08-17', '0558295923', 'H42'),
('258', 'BAICH', 'Enora', '1971-01-24', '0393255435', 'F37'),
('259', 'CHANGUINEA', 'Sébastien', '1957-03-09', '0278901563', 'H57'),
('260', 'SE', 'Lilou', '1949-03-07', '0834549702', 'F57'),
('261', 'DECHETRA', 'Gregoire', '1943-09-19', '0118853976', 'H67'),
('262', 'OUILAN', 'Sarah', '1983-07-02', '0377318470', 'F23'),
('263', 'CHETENSO', 'Aurelien', '1955-06-14', '0773351190', 'H57'),
('264', 'LEBESO', 'Ambre', '1960-07-03', '0795236095', 'F44'),
('265', 'BEQULON', 'Mathieu', '1996-02-10', '0163533534', 'H13'),
('266', 'HEGNI', 'Caroline', '1956-06-12', '0783177508', 'F57'),
('267', 'CHANT', 'Anthony', '1961-08-07', '0465583893', 'H43'),
('268', 'VAMAUIS', 'Anaïs', '1962-07-22', '0142316677', 'F44'),
('269', 'MORAT', 'Morcy', '1947-06-26', '0940105726', 'H67'),
('270', 'HARRE', 'Jeanne', '1977-02-24', '0111773170', 'F34'),
('271', 'TCHAR', 'Maxime', '1965-06-23', '0463671102', 'H43'),
('272', 'ELSTONT', 'Claire', '1952-02-20', '0725940978', 'F57'),
('273', 'TOLE', 'Paul', '1958-10-15', '0272484013', 'H57'),
('274', 'ROANIOER', 'Alicia', '1942-11-05', '0234190617', 'F67'),
('275', 'EMEMPENEE', 'Gregoire', '1969-04-07', '0384328877', 'H34'),
('276', 'FIGNT', 'Anaïs', '1950-01-09', '094819888', 'F57'),
('277', 'MOUPTEA', 'Paul-Antoine', '1944-03-25', '0143354557', 'H67'),
('278', 'GOUINIK', 'Noemie', '1974-08-02', '0173097553', 'F34'),
('279', 'MOYCQULE', 'Axel', '1975-03-04', '0884975640', 'H37'),
('280', 'DUSSOUET', 'Ophelie', '1941-01-20', '0288126208', 'F67'),
('281', 'BLANVAU', 'Rémi', '1977-12-26', '0854565412', 'H37'),
('282', 'AMMAUX', 'Lucie', '1949-03-09', '0357612461', 'F57'),
('283', 'DERDY', 'Yohann', '1956-06-19', '0396779085', 'H57'),
('284', 'CLIEBOIN', 'Lilou', '1997-03-09', '0580750680', 'F15'),
('285', 'MAURIERER', 'Titouan', '1939-05-03', '0476814291', 'H67'),
('286', 'BERDONAR', 'Maëlys', '1996-10-07', '0573768996', 'F15'),
('287', 'RARDIECHO', 'Josselin', '1998-04-02', '0366287178', 'H17'),
('288', 'CORCHI', 'Mathilde', '1971-10-14', '0417204389', 'F37'),
('289', 'KIHMOT', 'Sebastien', '1945-05-17', '076879295', 'H65'),
('290', 'NALAT', 'Valentine', '1969-03-09', '0610780946', 'F35'),
('291', 'BOUGUX', 'Guillaume', '1976-11-20', '0190957956', 'H35'),
('292', 'ME', 'Anaïs', '1952-11-28', '071192708', 'F55'),
('293', 'MAMARD', 'Killian', '1942-05-21', '0745008431', 'H65'),
('294', 'ELPESIBON', 'Romane', '1949-01-24', '0154254161', 'F55'),
('295', 'MOBRANG', 'Vincent', '1972-10-19', '078338786', 'H34'),
('296', 'RELGN', 'Ophelie', '1958-10-24', '0870691604', 'F55'),
('297', 'ELAYSIREZ', 'Clement', '1970-05-15', '0465790793', 'H35'),
('298', 'LELLLAT', 'Julia', '1977-03-26', '0327831625', 'F35'),
('299', 'GOTULONO', 'Timothe', '1977-07-24', '0122539358', 'H35'),
('300', 'HAVEDOU', 'Domitille', '1978-03-14', '0711128557', 'F34'),
('301', 'DACHEA', 'Seyyid', '1955-05-26', '038932855', 'H58'),
('302', 'GILARANER', 'Maëlys', '1942-10-02', '0582204722', 'F68'),
('303', 'NOLBONT', 'Dylan', '1943-06-04', '0941507196', 'H68'),
('304', 'PONAMMALA', 'Lucie', '1942-09-18', '0850954976', 'F68'),
('305', 'NAINARN', 'Sébastien', '1956-02-14', '0716249786', 'H58'),
('306', 'FROAN', 'Félicie', '1964-10-03', '0243874577', 'F42'),
('307', 'GEVALIE', 'Dorian', '1987-01-17', '044878213', 'H27'),
('308', 'PEFFFISER', 'Clémence', '1985-07-24', '0832734285', 'F28'),
('309', 'PIRBOND', 'Dmitry', '1983-11-13', '075669559', 'H27'),
('310', 'DEGNT', 'Lola', '1953-05-01', '0260857545', 'F58'),
('311', 'LABIRE', 'Julien', '1983-10-18', '03812903', 'H22'),
('312', 'DE', 'Noemie', '1956-10-05', '0494341789', 'F58'),
('313', 'RORBAUR', 'Yann', '1969-08-14', '0774686198', 'H38'),
('314', 'BOUSAU', 'Eloïse', '1972-03-23', '0682671989', 'F35'),
('315', 'FAHEA', 'Arnaud', '1979-12-13', '0850601569', 'H28'),
('316', 'VERDRIN', 'Pauline', '1947-12-01', '0124717900', 'F68'),
('317', 'ROUCHAS', 'Robin', '1985-04-17', '0251493230', 'H26'),
('318', 'POUCISIS', 'Roxane', '1980-11-27', '0248036683', 'F23'),
('319', 'LALILARI', 'Quentin', '1969-02-27', '0355798033', 'H34'),
('320', 'BONTAY', 'Célia', '1969-06-01', '0114390621', 'F37'),
('321', 'BAMAHAKIR', 'Clément', '1990-03-07', '088996908', 'H14'),
('322', 'LUINTA', 'Lena', '1948-11-18', '0332693291', 'F68'),
('323', 'VISARELE', 'Yacine', '1969-05-23', '0595288530', 'H32'),
('324', 'TARVAND', 'Lena', '1959-09-14', '0299416497', 'F41'),
('325', 'FELVANER', 'Ludovic', '1976-05-03', '0922445599', 'H37'),
('326', 'GUSSSSI', 'Valentine', '1944-11-23', '093334553', 'F67'),
('327', 'SABALAP', 'Dylan', '1953-12-18', '0819962829', 'H57'),
('328', 'CROMACHON', 'Solene', '1964-12-13', '0119441409', 'F47'),
('329', 'LAILLE', 'Remy', '1989-07-15', '0922603756', 'H14'),
('330', 'TREITEL', 'Olivia', '1950-02-09', '068627021', 'F57'),
('331', 'LARNT', 'Nicolas', '1948-03-23', '0853915105', 'H67'),
('332', 'AL', 'Valentine', '1992-02-15', '0313600856', 'F14'),
('333', 'MAUCET', 'Jules', '1950-03-04', '0152830550', 'H57'),
('334', 'YALLIRAND', 'Mathilde', '1970-06-15', '0744390510', 'F37'),
('335', 'DEILAD', 'Nicolas', '1951-09-05', '0521691361', 'H57'),
('336', 'LEVAT', 'Mathilde', '1958-06-28', '0766453021', 'F57'),
('337', 'CHIROTT', 'Rémi', '1979-09-18', '0536505769', 'H27'),
('338', 'DEJIST', 'Clara', '1950-04-19', '0394477237', 'F57'),
('339', 'COTIN', 'François', '1973-08-17', '0453873300', 'H36'),
('340', 'KIVATET', 'Manon', '1982-08-07', '0858129145', 'F26'),
('341', 'GILOUER', 'Raphael', '1965-09-23', '0824172644', 'H46'),
('342', 'ROURET', 'Eléna', '1965-07-05', '0825295018', 'F47'),
('343', 'DERRANA', 'Jérôme', '1957-11-10', '0375675888', 'H57'),
('344', 'BIESIERO', 'Elise', '1960-01-15', '0721728952', 'F45'),
('345', 'LANOURD', 'Louison', '1966-06-22', '0844420892', 'H45'),
('346', 'TRANE', 'Anna', '1975-12-15', '0623500785', 'F37'),
('347', 'BROUSOIS', 'Jessy', '1970-05-05', '0872264440', 'H35'),
('348', 'AY', 'Lou', '1966-09-27', '0441983250', 'F46'),
('349', 'NAMETET', 'Gilian', '1960-01-14', '0217050378', 'H44'),
('350', 'BOINC', 'Lena', '1984-11-24', '0314455824', 'F24'),
('351', 'MAPRDIE', 'Alexandre', '1982-07-13', '0761245403', 'H24'),
('352', 'RAOU', 'Charlotte', '1997-12-09', '0435292665', 'F13'),
('353', 'BOULAND', 'Pierre', '1988-11-24', '0136395976', 'H24'),
('354', 'TUINTEUZ', 'Caroline', '1954-01-05', '0759622623', 'F57'),
('355', 'LARITOIER', 'Yanaël', '1944-11-11', '0410325124', 'H67'),
('356', 'DUIDONES', 'Mathilde', '1984-11-27', '094718068', 'F27'),
('357', 'SINNORIN', 'Remy', '1978-05-23', '0583165552', 'H35'),
('358', 'VIAMO', 'Claire', '1976-08-09', '0861624322', 'F33'),
('359', 'PERTIAUX', 'Valentin', '1994-09-13', '0292202273', 'H17'),
('360', 'FAMBOUX', 'Anaïs', '1952-07-05', '0489442060', 'F57'),
('361', 'DOCH', 'Younoussa', '1991-07-06', '0913396775', 'H13'),
('362', 'FEUL', 'Eden', '1939-06-14', '0458015415', 'F67'),
('363', 'EROURAUR', 'Quentin', '1980-03-10', '0745055662', 'H27'),
('364', 'BINDET', 'Caroline', '1950-06-15', '0735678492', 'F57'),
('365', 'JA', 'Flavian', '1963-06-22', '0447266649', 'H47'),
('366', 'BRELL', 'Claire', '1964-07-04', '0580251857', 'F45'),
('367', 'PINGEAMIA', 'Damien', '1947-01-22', '0588953447', 'H67'),
('368', 'DALAIGU', 'Romane', '1949-08-01', '0999016379', 'F57'),
('369', 'JADOTIRET', 'Guillaume', '1961-06-22', '041082612', 'H47'),
('370', 'POURLEZ', 'Charlotte', '1950-02-04', '0164045364', 'F57'),
('371', 'GUCQU', 'Pierre-Etienne', '1963-06-07', '0144303121', 'H42'),
('372', 'COLT', 'Lola', '1967-12-24', '0821802509', 'F43'),
('373', 'QURZIAUI', 'Mathieu', '1995-12-09', '0824924096', 'H15'),
('374', 'CRENA', 'Alice', '1947-12-25', '0857242313', 'F67'),
('375', 'DADA', 'Thomas', '1994-10-03', '0450269332', 'H16'),
('376', 'SATI', 'Nina', '1964-10-10', '0839184668', 'F46'),
('377', 'OUN', 'Jérôme', '1970-05-04', '045567821', 'H35'),
('378', 'HUPIEL', 'Faustine', '1996-03-15', '0512742253', 'F14'),
('379', 'FRIKHIS', 'Yacine', '1996-05-18', '0211851597', 'H14'),
('380', 'RIGRAN', 'Clara', '1989-02-16', '0989092723', 'F15'),
('381', 'KHAROTA', 'Killian', '1976-01-05', '0114820752', 'H36'),
('382', 'BOUD', 'Jeanne', '1979-07-09', '0932257942', 'F26'),
('383', 'GURDEUEZ', 'Thomas', '1985-11-10', '063582522', 'H26'),
('384', 'ERYS', 'Imane', '1943-07-28', '0172215989', 'F66'),
('385', 'DETRY', 'Hugo', '1972-05-27', '0547212631', 'H35'),
('386', 'THASAR', 'Jeanne', '1971-06-13', '0350238793', 'F33'),
('387', 'MARIEI', 'Willy', '1942-03-05', '029871947', 'H66'),
('388', 'PEMAR', 'Camille', '1969-09-18', '0677653759', 'F34'),
('389', 'BETOUC', 'Timothe', '1939-10-18', '0394676794', 'H65'),
('390', 'LEGHAHOU', 'Emma', '1941-06-06', '0397850574', 'F65'),
('391', 'GROSDON', 'Matthias', '1940-12-18', '0845061736', 'H65'),
('392', 'HABVAY', 'Claire', '1964-09-05', '0329599528', 'F44'),
('393', 'BONOIETE', 'Robin', '1990-07-06', '0429144916', 'H15'),
('394', 'IDJOLAR', 'Léonie', '1963-12-14', '0485341860', 'F43'),
('395', 'GRART', 'Antoine', '1990-02-17', '0725473399', 'H14'),
('396', 'PONQ', 'Lucie', '1973-07-19', '0318937169', 'F34'),
('397', 'DIAY', 'Dimitri', '1943-09-11', '0579405967', 'H65'),
('398', 'BOIBIT', 'Sarah', '1997-06-27', '0443425636', 'F15'),
('399', 'RONTIS', 'Paul-Antoine', '1990-06-14', '0986361987', 'H13'),
('400', 'BRANIX', 'Ambre', '1944-12-12', '0639093191', 'F63'),
('401', 'LECQUIRD', 'François', '1988-10-18', '0643088144', 'H27'),
('402', 'VOILER', 'Alice', '1964-07-04', '0756358695', 'F42'),
('403', 'PERBUT', 'Denis', '1961-06-12', '0574416831', 'H42'),
('404', 'TEDOURD', 'Lucie', '1995-04-20', '0526258765', 'F12'),
('405', 'NARROUK', 'Paul', '1991-05-12', '0222134399', 'H17'),
('406', 'DEDISE', 'Clémence', '1990-01-01', '0396861030', 'F11'),
('407', 'CHANTIM', 'Guillaume', '1985-12-10', '0898596957', 'H27'),
('408', 'LAFOUEUD', 'Lucie', '1950-05-01', '0291444053', 'F58'),
('409', 'CHASS', 'Emeric', '1982-12-22', '0470268789', 'H25'),
('410', 'ZERCHE', 'Célia', '1966-09-23', '0758112108', 'F45'),
('411', 'HARNDAY', 'Thibault', '1960-01-12', '0350813941', 'H46'),
('412', 'ALARERERG', 'Leana', '1957-12-12', '0180708676', 'F58'),
('413', 'VIDRET', 'Clement', '1964-04-27', '0983418804', 'H43'),
('414', 'PONENT', 'Nina', '1983-04-23', '0221140811', 'F24'),
('415', 'PETUSERD', 'Baptiste', '1974-06-18', '0971154657', 'H37'),
('416', 'PAUST', 'Manon', '1971-09-23', '0230303349', 'F34'),
('417', 'SIN', 'Romain', '1946-02-13', '0910192582', 'H68'),
('418', 'ISSSOUL', 'Enora', '1941-05-20', '0247268649', 'F68'),
('419', 'BADIE', 'Dorian', '1957-05-20', '0625147704', 'H58'),
('420', 'AL', 'Romane', '1944-08-13', '0294182492', 'F68'),
('421', 'PINOUE', 'Yan', '1971-07-04', '01874971', 'H34'),
('422', 'PINOUTIM', 'Mathilde', '1944-12-16', '028985044', 'F68'),
('423', 'MACHILTI', 'Malory', '1949-10-14', '057765504', 'H58'),
('424', 'BENT', 'Sarah', '1985-01-23', '0646225214', 'F23'),
('425', 'PENDIN', 'Olivier', '1966-11-25', '0849814814', 'H42'),
('426', 'PINTI', 'Alice', '1950-05-10', '0426705110', 'F58'),
('427', 'BLASAR', 'Younes', '1959-11-07', '0593212231', 'H44'),
('428', 'FE', 'Félicie', '1955-06-01', '0552952518', 'F58'),
('429', 'JA', 'Thomas', '1977-09-28', '0868704157', 'H35'),
('430', 'RERCHOT', 'Capucine', '1948-03-26', '0226196645', 'F68'),
('431', 'CHENNE', 'Arthur', '1994-09-23', '0484354820', 'H14'),
('432', 'HUGEN', 'Manon', '1992-12-28', '0418438635', 'F17'),
('433', 'PIETIENE', 'Jean', '1978-05-26', '0929186726', 'H34'),
('434', 'EL', 'Clémence', '1967-03-19', '0133960581', 'F44'),
('435', 'RICEDOUR', 'Joris', '1998-05-08', '088615094', 'H16'),
('436', 'DUESTON', 'Anaïs', '1987-03-23', '0756567023', 'F25'),
('437', 'BROMONA', 'Benjamin', '1984-09-24', '0242568154', 'H28'),
('438', 'CA', 'Enora', '1961-06-26', '0921024492', 'F43'),
('439', 'BLOUCAU', 'Florent', '1975-02-03', '0796355563', 'H33'),
('440', 'DERTOT', 'Louna', '1963-01-19', '0170431934', 'F45'),
('441', 'MILILYOT', 'Gilian', '1942-09-08', '0811691463', 'H67'),
('442', 'BEILET', 'Romane', '1980-09-13', '0485200912', 'F23'),
('443', 'IDAUCONG', 'Yacine', '1941-02-23', '0826519400', 'H67'),
('444', 'JOLLARANO', 'Margaux', '1998-02-23', '0580814404', 'F14'),
('445', 'FUECHAUD', 'Julien', '1993-07-10', '0454996110', 'H17'),
('446', 'GLIET', 'Alicia', '1962-04-11', '0645319569', 'F47'),
('447', 'DAMUNIERD', 'Pierre', '1941-05-07', '051015358', 'H67'),
('448', 'LE', 'Lou', '1942-10-05', '0661736832', 'F67'),
('449', 'FALY', 'Axel', '1940-09-01', '0267712483', 'H67'),
('450', 'GUEN', 'Maëlys', '1945-10-13', '0629456470', 'F67'),
('451', 'BALVER', 'Thibault', '1983-10-20', '0822878294', 'H23'),
('452', 'DARABOUD', 'Olivia', '1986-11-12', '0778904718', 'F25'),
('453', 'GUMBILOU', 'Damien', '1973-12-25', '0983152737', 'H33'),
('454', 'TESARET', 'Coralie', '1954-06-09', '0597810311', 'F57'),
('455', 'CHACUNS', 'Aurelien', '1961-04-03', '0990360574', 'H44'),
('456', 'MOUD', 'Faustine', '1972-01-08', '0781645257', 'F33'),
('457', 'MAURD', 'Jetmir', '1982-06-15', '0166777174', 'H24'),
('458', 'DARS', 'Célia', '1984-09-16', '0511272999', 'F27'),
('459', 'SEDIRT', 'Lucien', '1980-05-02', '0210276532', 'H25'),
('460', 'SCHAKA', 'Lou', '1975-03-26', '0314167836', 'F35'),
('461', 'MAMEREN', 'Damien', '1944-07-20', '0945905720', 'H67'),
('462', 'ANDAULE', 'Camille', '1987-08-23', '049232501', 'F27'),
('463', 'FRIT', 'Arnaud', '1994-11-15', '0197027024', 'H17'),
('464', 'DUANELAY', 'Mathilde', '1987-01-04', '0857550379', 'F24'),
('465', 'KARVAUI', 'Dorian', '1976-10-21', '0171745432', 'H36'),
('466', 'EL', 'Anaïs', '1959-05-23', '0450171419', 'F47'),
('467', 'GORYORGH', 'Vincent', '1940-05-20', '0912679', 'H67'),
('468', 'JOURAI', 'Mila', '1971-04-24', '0291829175', 'F34'),
('469', 'PIGRA', 'Olivier', '1939-10-07', '0547687641', 'H67'),
('470', 'DERTC', 'Charlotte', '1956-11-10', '0714906063', 'F57'),
('471', 'JARGAN', 'Romaric', '1942-03-18', '0234808181', 'H67'),
('472', 'BIZIET', 'Rokhaya', '1971-09-17', '0856062034', 'F37'),
('473', 'CHIVALEZ', 'Florent', '1940-10-02', '0288564056', 'H67'),
('474', 'ELIDETI', 'Louna', '1946-01-06', '0131213440', 'F67'),
('475', 'OLDUDERD', 'Denis', '1965-04-10', '0911029249', 'H47'),
('476', 'SEROUE', 'Camille', '1948-10-02', '0498491717', 'F67'),
('477', 'VERRERC', 'Morcy', '1960-11-14', '0837145133', 'H46'),
('478', 'AVROUY', 'Anaïs', '1983-12-27', '0356395235', 'F26'),
('479', 'BOUG', 'Leo', '1977-06-15', '0497249230', 'H35'),
('480', 'RIMTER', 'Lena', '1955-03-07', '0575281126', 'F57'),
('481', 'SARI', 'Florent', '1993-07-07', '0425155646', 'H15'),
('482', 'SAISEIRANTE', 'Lucie', '1996-08-18', '025630064', 'F15'),
('483', 'HADU', 'Bilal', '1957-04-19', '0799849807', 'H57'),
('484', 'COUEN', 'Margaux', '1994-06-07', '0583478683', 'F15'),
('485', 'COUANBUIO', 'Marc', '1975-09-05', '0571752607', 'H34'),
('486', 'MAIABINERG', 'Cindy', '1992-12-14', '0446689573', 'F15'),
('487', 'FOUZAIND', 'Clément', '1991-10-23', '0662638379', 'H17'),
('488', 'AKLOTER', 'Manon', '1970-05-03', '0955082825', 'F35'),
('489', 'TOUGN', 'Gilian', '1991-04-23', '077048419', 'H17'),
('490', 'JE', 'Camille', '1962-11-17', '0951349898', 'F46'),
('491', 'FE', 'Quentin', '1971-05-07', '062884032', 'H35'),
('492', 'ESCQUI', 'Elisa', '1970-11-09', '0398319511', 'F33'),
('493', 'AGIPWIEAR', 'Nicolas', '1953-12-10', '026489481', 'H56'),
('494', 'LEBERDES', 'Mathilde', '1960-11-05', '0653420874', 'F45'),
('495', 'AUBILIMPES', 'Julien', '1958-10-08', '054776156', 'H56'),
('496', 'ESTET', 'Capucine', '1953-06-17', '0846451166', 'F56'),
('497', 'ROSUIET', 'Anthony', '1978-12-05', '0229058263', 'H34'),
('498', 'HAILINE', 'Camille', '1949-10-27', '0946993216', 'F56'),
('499', 'BRENGUR', 'Darenn', '1952-08-18', '0525664225', 'H56'),
('500', 'MALLE', 'Clémence', '1950-06-06', '0945040847', 'F56'),
('501', 'SOUCHE', 'Romain', '1978-12-18', '0966227478', 'H31'),
('502', 'LAMERD', 'Anna', '1988-05-01', '0591680049', 'F26'),
('503', 'FEGERT', 'Stéphane', '1987-11-09', '0835086171', 'H27'),
('504', 'DESMA', 'Léonie', '1994-07-10', '0843113503', 'F16'),
('505', 'NELON', 'Tanguy', '1944-08-22', '0524887444', 'H68'),
('506', 'FRILON', 'Julia', '1972-02-20', '0338811881', 'F34'),
('507', 'RE', 'Yassine', '1982-11-13', '0757533914', 'H23'),
('508', 'BABEOUVRER', 'Agathe', '1987-12-27', '0517097393', 'F28'),
('509', 'RORBEND', 'Pierre', '1977-01-26', '0128665509', 'H37'),
('510', 'GUIONAND', 'Félicie', '1955-03-12', '0771691759', 'F58'),
('511', 'DENGEAU', 'Denis', '1943-07-11', '098836387', 'H68'),
('512', 'JOZEET', 'Lucie', '1969-04-25', '0775708477', 'F35'),
('513', 'PANZTO', 'Yacine', '1943-02-18', '0478977315', 'H68'),
('514', 'MAILOT', 'Domitille', '1952-08-19', '0391584148', 'F58'),
('515', 'CAZEDINAUBE', 'Clément', '1991-10-02', '0512469334', 'H14'),
('516', 'CHOS', 'Caroline', '1991-12-20', '0283483595', 'F13'),
('517', 'AUTREC', 'Christophe', '1941-12-27', '0655875244', 'H68'),
('518', 'BILILL', 'Jeanne', '1985-12-16', '0425905977', 'F24'),
('519', 'LEARIBIEZ', 'Theo', '1979-03-11', '0712265035', 'H26'),
('520', 'AZAUC', 'Clara', '1991-05-08', '0396262285', 'F18'),
('521', 'KWALE', 'Yanaël', '1959-02-13', '0467105554', 'H48'),
('522', 'MONTET', 'Ophelie', '1971-09-02', '0158860032', 'F38'),
('523', 'BOUAR', 'Teddy', '1971-09-02', '0277635651', 'H38'),
('524', 'COYSE', 'Elise', '1974-12-21', '021642015', 'F37'),
('525', 'DOQUHAN', 'Timothe', '1971-04-11', '0419930312', 'H35'),
('526', 'OLHIERERAT', 'Solene', '1943-08-13', '0170856446', 'F68'),
('527', 'BELLONE', 'Xavier', '1995-06-04', '0577014217', 'H15'),
('528', 'DEDETAIRN', 'Olivia', '1964-04-27', '0513875593', 'F47'),
('529', 'CAN', 'Younes', '1947-02-16', '0941718080', 'H67'),
('530', 'AHATINET', 'Cindy', '1968-02-22', '0177059111', 'F44'),
('531', 'SALBAC', 'Nicolas', '1984-08-02', '0969180783', 'H24'),
('532', 'JASUTOI', 'Claire', '1963-04-03', '0546536069', 'F45'),
('533', 'GILAMEILAC', 'Benoit', '1955-03-15', '0384411504', 'H57'),
('534', 'RHAN', 'Léonie', '1972-12-01', '0698895638', 'F33'),
('535', 'RORBORIN', 'Yassine', '1998-09-23', '012493121', 'H14'),
('536', 'GUETELET', 'Lou', '1990-05-24', '0735586695', 'F15'),
('537', 'AMELLEU', 'Johan', '1981-02-22', '0181231741', 'H22'),
('538', 'BAGEDRIAN', 'Anna', '1991-06-20', '0375308372', 'F17'),
('539', 'SARONBO', 'Quentin', '1986-02-25', '0773015764', 'H24'),
('540', 'HUBIOT', 'Charlotte', '1946-02-18', '0995325801', 'F67'),
('541', 'CHAUVEAU', 'Aymeric', '1965-11-07', '0381216154', 'H47'),
('542', 'YOBENN', 'Rose', '1961-08-17', '0314735692', 'F44'),
('543', 'ME', 'Anthony', '1945-09-27', '0822458713', 'H67'),
('544', 'MATTABOTANT', 'Claire', '1964-12-22', '0680472627', 'F44'),
('545', 'GA', 'Emeric', '1971-08-14', '0122994841', 'H32'),
('546', 'GOUCHIANT', 'Marie-Laure', '1945-11-07', '0745889934', 'F67'),
('547', 'YIGEMYKE', 'Quentin', '1960-08-17', '095883903', 'H45'),
('548', 'DESZAVO', 'Noemie', '1957-10-10', '0641629524', 'F57'),
('549', 'SUIGAR', 'Kevin', '1973-06-05', '0670023879', 'H36'),
('550', 'HUBLIER', 'Mathilde', '1984-08-25', '0821023419', 'F23'),
('551', 'LAFON', 'Baptiste', '1998-08-24', '069235434', 'H14'),
('552', 'ROYRER', 'Romane', '1995-12-08', '0340363016', 'F17'),
('553', 'VAZA', 'Clément', '1953-08-07', '0610611189', 'H57'),
('554', 'CONE', 'Léa', '1980-08-16', '0520144789', 'F25'),
('555', 'HAEFRIET', 'Florian', '1966-04-13', '0929786948', 'H47'),
('556', 'CHEGEARD', 'Léa', '1975-04-24', '0576877408', 'F36'),
('557', 'BEDHON', 'Vincent', '1992-04-28', '0619124013', 'H15'),
('558', 'DEGADOIGO', 'Emma', '1952-09-02', '0554361267', 'F57'),
('559', 'FONTINEA', 'Osman', '1984-08-08', '0153106352', 'H25'),
('560', 'DUPART', 'Léa', '1947-05-23', '0324837829', 'F67'),
('561', 'ALLIBIERUE', 'Mathieu', '1994-06-06', '0816656211', 'H15'),
('562', 'FOHNCHI', 'Léonie', '1982-12-18', '0499688080', 'F25'),
('563', 'DREBRE', 'Romain', '1946-10-20', '0692430257', 'H67'),
('564', 'SAVIG', 'Elsa', '1956-11-22', '01989958', 'F57'),
('565', 'NARORD', 'Mathieu', '1982-07-18', '0363875124', 'H26'),
('566', 'LERTIET', 'Chloé', '1969-12-01', '0644486699', 'F34'),
('567', 'SADRA', 'Axel', '1969-07-06', '0474233484', 'H33'),
('568', 'BOINT', 'Faustine', '1988-11-25', '0491591197', 'F27'),
('569', 'PEBRERADOS', 'Benoit', '1953-04-19', '082874927', 'H57'),
('570', 'MAILELH', 'Julia', '1989-06-03', '0567169279', 'F13'),
('571', 'ONCHET', 'Pierre-Etienne', '1974-02-25', '0596300154', 'H35'),
('572', 'DECHEUIE', 'Anaïs', '1962-05-13', '0188101598', 'F45'),
('573', 'GRABAHONOW', 'Jetmir', '1984-12-28', '0393997095', 'H23'),
('574', 'BOUT', 'Ophelie', '1960-06-01', '0848682722', 'F45'),
('575', 'WERE', 'Nicolas', '1955-08-02', '0319586191', 'H57'),
('576', 'TRISAULOLU', 'Elise', '1996-09-05', '0248560669', 'F13'),
('577', 'CHISE', 'David', '1974-02-27', '0420848595', 'H37'),
('578', 'LENERM', 'Eden', '1940-05-16', '0393824846', 'F67'),
('579', 'MABOUERE', 'Valentin', '1940-12-07', '0965698377', 'H67'),
('580', 'PERLOTY', 'Jeanne', '1976-02-21', '0480217450', 'F32'),
('581', 'SICHAR', 'Cedric', '1992-11-04', '0977397905', 'H13'),
('582', 'ABETET', 'Capucine', '1970-11-16', '0129236536', 'F37'),
('583', 'AMANEST', 'Jeremy', '1968-02-10', '0258497735', 'H44'),
('584', 'NANJOT', 'Louna', '1950-11-03', '0293833259', 'F57'),
('585', 'BEANTION', 'Maxime', '1943-02-28', '0936708717', 'H67'),
('586', 'GECLIGAUX', 'Olivia', '1943-10-11', '0418271523', 'F67'),
('587', 'LEYEBOIE', 'Anas', '1966-10-09', '0475142818', 'H47'),
('588', 'GA', 'Sarah', '1945-11-17', '0724987757', 'F67'),
('589', 'FELVOTIS', 'Florent', '1941-04-26', '0267134981', 'H67'),
('590', 'BERRGAIES', 'Claire', '1939-04-12', '0629825981', 'F66'),
('591', 'MOURIS', 'Flavian', '1953-01-08', '0514358494', 'H56'),
('592', 'ALANOUD', 'Chloé', '1953-01-08', '0988183559', 'F56'),
('593', 'BALLL', 'Xavier', '1957-10-19', '0262397327', 'H56'),
('594', 'GUISES', 'Louna', '1956-04-22', '0221907536', 'F56'),
('595', 'POTRININ', 'Olivier', '1954-07-27', '0941094291', 'H56'),
('596', 'POULBO', 'Léa', '1959-06-06', '0683705702', 'F44'),
('597', 'FAEVAN', 'Dorian', '1964-11-11', '028622780', 'H44'),
('598', 'GURROU', 'Elsa', '1959-12-21', '0358509829', 'F45'),
('599', 'GRAMAL', 'Yohann', '1966-07-06', '0438052331', 'H45'),
('600', 'DAVAZI', 'Rose', '1950-09-08', '038641069', 'F52'),
('601', 'LARVIGI', 'Sebastien', '1989-07-16', '0246041276', 'H12'),
('602', 'THANALI', 'Lucie', '1944-03-24', '0695089756', 'F68'),
('603', 'DICOIET', 'Pierre-Adrien', '1987-03-21', '092461734', 'H26'),
('604', 'SISTIL', 'Anna', '1946-08-04', '0441508799', 'F68'),
('605', 'LASSI', 'Thibault', '1980-10-27', '0266433688', 'H21'),
('606', 'PINOND', 'Sarah', '1980-01-15', '0978398801', 'F26'),
('607', 'MIORLON', 'Killian', '1960-11-11', '0733154503', 'H47'),
('608', 'BENOR', 'Mathilde', '1988-01-17', '043448582', 'F27'),
('609', 'ADAHBUR', 'Thomas', '1977-06-19', '0261682449', 'H34'),
('610', 'MAPERAU', 'Eléna', '1962-01-17', '0428140915', 'F45'),
('611', 'RENI', 'Baptiste', '1969-11-04', '021873892', 'H35'),
('612', 'FRAUELIL', 'Manon', '1957-01-03', '0258153241', 'F58'),
('613', 'ROUCHAY', 'David', '1966-04-20', '0147660078', 'H43'),
('614', 'MOUGOUX', 'Lana', '1945-09-08', '0583208589', 'F68'),
('615', 'TRONT', 'Thomas', '1993-03-21', '01769218', 'H15'),
('616', 'BOHAIS', 'Caroline', '1991-09-22', '0384451623', 'F15'),
('617', 'AKHE', 'Gabriel', '1954-07-06', '0743461433', 'H58'),
('618', 'MIAZAULT', 'Claire', '1954-09-11', '0330718248', 'F58'),
('619', 'CRANAS', 'Yassine', '1960-05-24', '0993108277', 'H48'),
('620', 'SELIRIET', 'Imane', '1953-07-05', '0360026522', 'F58'),
('621', 'KAREALET', 'Alexandre', '1961-04-07', '0471397528', 'H46'),
('622', 'MODOUAUIE', 'Mila', '1966-07-01', '0767413567', 'F46'),
('623', 'DENHIDOF', 'Olivier', '1980-01-21', '0842935656', 'H23'),
('624', 'BAROIEIER', 'Léa', '1956-05-12', '0180689165', 'F58'),
('625', 'PIRACO', 'Christophe', '1955-10-14', '0580165233', 'H58'),
('626', 'LEMON', 'Roxane', '1995-08-01', '0677436549', 'F18'),
('627', 'VIRCHIET', 'Dimitri', '1969-09-21', '0733958283', 'H32'),
('628', 'BOHR', 'Solene', '1983-05-02', '0846835573', 'F28'),
('629', 'BERESARA', 'Quentin', '1951-02-05', '0244767808', 'H57'),
('630', 'MAUF', 'Agathe', '1968-04-26', '076751846', 'F46'),
('631', 'CADRANS', 'Raphaël', '1966-03-20', '0719509119', 'H43'),
('632', 'DROROUVAF', 'Elisa', '1979-06-23', '0283378307', 'F24'),
('633', 'PIC', 'Antoine', '1950-05-01', '0817579378', 'H57'),
('634', 'CUNERET', 'Blandine', '1978-11-18', '0935900729', 'F36'),
('635', 'RIGUSAMEAU', 'Hugo', '1994-11-13', '0554527820', 'H17'),
('636', 'LETORONOU', 'Nolwenn', '1943-01-28', '0217841703', 'F67'),
('637', 'PEAT', 'Sebastien', '1944-11-11', '012019730', 'H67'),
('638', 'RONERELE', 'Clémence', '1978-08-10', '0189876525', 'F32'),
('639', 'DUXLONS', 'Anthony', '1950-08-04', '0879440270', 'H57'),
('640', 'LINDERD', 'Alicia', '1970-04-03', '0942828676', 'F32'),
('641', 'DAT', 'Pierre-Adrien', '1955-07-23', '0216106928', 'H57'),
('642', 'CENNCAU', 'Agathe', '1939-07-27', '0740495145', 'F67'),
('643', 'PA', 'Rémi', '1969-01-10', '0548811469', 'H35'),
('644', 'FRETHON', 'Coralie', '1967-03-16', '0417023435', 'F43'),
('645', 'FERTOET', 'Alan', '1993-09-04', '0799631385', 'H15'),
('646', 'PENTOUD', 'Olivia', '1977-11-05', '0285630293', 'F34'),
('647', 'BONTICHING', 'Thibault', '1984-08-04', '0736445829', 'H26'),
('648', 'CUEDRARIN', 'Elsa', '1969-10-14', '0956987306', 'F35'),
('649', 'DOUSEN', 'Logan', '1961-03-25', '0246555158', 'H43'),
('650', 'CAJJAY', 'Elsa', '1981-05-13', '0229329051', 'F24'),
('651', 'SAATRIS', 'Aurelien', '1995-11-02', '0897434947', 'H13'),
('652', 'PASTAR', 'Juliette', '1959-12-08', '0236028364', 'F45'),
('653', 'BAUGEDT', 'Thibault', '1968-03-22', '0653328800', 'H47'),
('654', 'PENCHE', 'Elise', '1998-12-27', '0954643548', 'F17'),
('655', 'GANT', 'Sebastien', '1939-07-28', '0114698500', 'H67'),
('656', 'MEMIZI', 'Mathilde', '1939-02-13', '0822619442', 'F67'),
('657', 'ANUGNE', 'Clement', '1965-12-20', '054143987', 'H43'),
('658', 'AREBIER', 'Roxane', '1982-07-17', '0411621178', 'F25'),
('659', 'BOGLIF', 'Emeric', '1969-07-18', '0445832145', 'H33'),
('660', 'LALIELA', 'Sarah', '1958-11-03', '0191699750', 'F57'),
('661', 'THANT', 'Flavien', '1987-04-23', '0172247021', 'H23'),
('662', 'JERIRDINS', 'Nina', '1992-07-23', '0264118918', 'F16'),
('663', 'BALAHARS', 'Quentin', '1954-11-18', '054184785', 'H57'),
('664', 'CITICOZ', 'Rose', '1945-07-02', '0963735910', 'F67'),
('665', 'CIRORAT', 'Yan', '1954-08-07', '0138757236', 'H57'),
('666', 'SANZEIANE', 'Charlotte', '1993-03-04', '04265758', 'F15'),
('667', 'MAMIAT', 'Mathieu', '1996-06-25', '056248861', 'H16'),
('668', 'AIBOUINEC', 'Eléna', '1968-06-13', '0956927485', 'F46'),
('669', 'AKIPAN', 'Anthony', '1966-06-12', '071699279', 'H47'),
('670', 'MONVAOT', 'Julia', '1965-11-11', '0554269804', 'F46'),
('671', 'LEYNT', 'Vincent', '1951-01-09', '0689545106', 'H57'),
('672', 'GILVEST', 'Manon', '1954-09-26', '04633885', 'F57'),
('673', 'SULARA', 'Quentin', '1956-01-27', '0145575215', 'H57'),
('674', 'ROIKHELINNI', 'Imane', '1947-07-09', '0312345240', 'F67'),
('675', 'DARROLET', 'Xavier', '1985-02-07', '0554037547', 'H25'),
('676', 'GIANARARIKE', 'Marion', '1970-01-22', '043732146', 'F37'),
('677', 'MOUTINER', 'Younoussa', '1968-05-14', '0815935047', 'H45'),
('678', 'MANQUIE', 'Nolwenn', '1978-02-18', '0943953234', 'F37'),
('679', 'LOUTEONNAU', 'Damien', '1984-03-02', '0853148770', 'H25'),
('680', 'DOILELTIS', 'Nina', '1997-06-15', '0920896132', 'F17'),
('681', 'CAMARNE', 'Maxime', '1991-11-21', '0235248167', 'H16'),
('682', 'DAILIELT', 'Léa', '1939-05-19', '0221960013', 'F67'),
('683', 'GAULHET', 'Raphaël', '1991-12-06', '0869709364', 'H15'),
('684', 'PARTEN', 'Clara', '1939-09-08', '029749058', 'F67'),
('685', 'BE', 'Florian', '1969-10-22', '0272194317', 'H34'),
('686', 'LENASS', 'Nina', '1981-06-25', '0464339754', 'F25'),
('687', 'CHEBEMIAK', 'Pierre-Adrien', '1977-09-27', '037047607', 'H35'),
('688', 'DESDE', 'Valentine', '1987-03-17', '0612397465', 'F27'),
('689', 'SALLONE', 'Axel', '1995-10-22', '0673624472', 'H14'),
('690', 'BONY', 'Anaïs', '1985-11-04', '0895822595', 'F24'),
('691', 'DETHIALY', 'Yacine', '1943-12-16', '0761885966', 'H67'),
('692', 'JOUGY', 'Jade', '1975-11-19', '0220629486', 'F37'),
('693', 'FAL', 'Jean', '1974-11-23', '0694564457', 'H37'),
('694', 'GALLAUD', 'Chloé', '1940-05-05', '071949480', 'F64'),
('695', 'GAIBAU', 'Baptiste', '1948-02-18', '0544335731', 'H64'),
('696', 'PE', 'Anaïs', '1969-03-04', '0151583201', 'F34'),
('697', 'PARLON', 'Mathieu', '1939-07-04', '0251511610', 'H64'),
('698', 'MABONDIS', 'Imane', '1975-11-27', '05295884', 'F34'),
('699', 'LAGOUVAUN', 'Thomas', '1945-06-23', '0136532645', 'H64'),
('700', 'BAIYAN', 'Lana', '1943-03-21', '0969244322', 'F64'),
('701', 'PERNT', 'Nino', '1977-02-22', '0887560827', 'H33'),
('702', 'BABOULILATE', 'Lucie', '1968-12-02', '0612481122', 'F42'),
('703', 'GARINTET', 'Antoine', '1961-09-11', '0410126780', 'H45'),
('704', 'LALIOT', 'Agathe', '1978-08-05', '0637280997', 'F37'),
('705', 'BOUD', 'Florian', '1970-08-03', '056840560', 'H37'),
('706', 'GOUBISA', 'Lilou', '1977-12-07', '0491761962', 'F38'),
('707', 'JOUTANT', 'Quentin', '1948-04-18', '0995797399', 'H68'),
('708', 'BILT', 'Félicie', '1979-09-20', '0781702068', 'F27'),
('709', 'MURRION', 'Emeric', '1994-12-13', '0451928508', 'H13'),
('710', 'MASSANES', 'Roxane', '1943-07-16', '0439898146', 'F68'),
('711', 'THAI', 'Vincent', '1990-07-14', '0141699596', 'H13'),
('712', 'COISEAN', 'Noemie', '1966-05-17', '0463375233', 'F45'),
('713', 'GREMY', 'Thibault', '1958-12-07', '0858113444', 'H58'),
('714', 'BENJAZ', 'Léonie', '1963-03-09', '0948710901', 'F41'),
('715', 'CASS', 'Julien', '1973-05-16', '0515884012', 'H32'),
('716', 'CAVALD', 'Coralie', '1969-06-05', '0376524425', 'F37'),
('717', 'BORITAU', 'Damien', '1953-07-01', '0570995189', 'H58'),
('718', 'ALOSIETIE', 'Marion', '1970-08-25', '0765548858', 'F37'),
('719', 'HARCHAS', 'Kevin', '1998-08-14', '0242366629', 'H16'),
('720', 'SODANGAUG', 'Camille', '1947-12-20', '0115021975', 'F68'),
('721', 'GOID', 'Julien', '1963-09-24', '0898094115', 'H48'),
('722', 'BIRZASS', 'Claire', '1952-08-26', '0230452512', 'F58'),
('723', 'MEBE', 'Yohann', '1956-09-27', '0511221872', 'H58'),
('724', 'MOLLERT', 'Lucie', '1998-07-03', '0377000158', 'F14'),
('725', 'BOSCHIN', 'Thomas', '1952-10-06', '067045813', 'H58'),
('726', 'MAKT', 'Lola', '1985-09-02', '0966195982', 'F26'),
('727', 'MUBONN', 'Valentin', '1990-03-09', '0931323532', 'H18'),
('728', 'THOMIET', 'Chloé', '1981-04-12', '0989227586', 'F25'),
('729', 'LAYVANE', 'Darenn', '1946-08-18', '0860523539', 'H68'),
('730', 'COINANT', 'Rose', '1960-03-01', '0455253148', 'F47'),
('731', 'CHOUNEN', 'Nicolas', '1963-01-21', '0696225837', 'H46'),
('732', 'BOQUEQUI', 'Léa', '1981-11-15', '0843932076', 'F26'),
('733', 'RASSIGET', 'Julien', '1957-04-20', '0615754833', 'H57'),
('734', 'COURENT', 'Clémence', '1983-10-08', '0220477000', 'F25'),
('735', 'VIRTI', 'Thibault', '1994-12-17', '0120179139', 'H15'),
('736', 'LESTOL', 'Mathilde', '1952-02-18', '0644008824', 'F57'),
('737', 'LOUMOULT', 'Pierrick', '1965-06-15', '0199028426', 'H44'),
('738', 'DUPOUER', 'Camille', '1981-08-01', '0760307098', 'F27'),
('739', 'RACOUEZ', 'Amaury', '1974-05-04', '0353378417', 'H34'),
('740', 'PO', 'Elsa', '1956-04-08', '0472715710', 'F57'),
('741', 'PELLEAU', 'Romain', '1972-09-25', '0687151358', 'H36'),
('742', 'LAUVANGE', 'Rose', '1940-01-26', '0970482716', 'F67'),
('743', 'MALIMO', 'Julien', '1971-08-13', '0626456506', 'H37'),
('744', 'MAPOFRE', 'Alice', '1981-10-06', '0881388609', 'F23'),
('745', 'TILA', 'Raphaël', '1994-01-11', '0211877606', 'H13'),
('746', 'PAMEIERI', 'Clémence', '1982-05-27', '0295137445', 'F24'),
('747', 'RARON', 'Bilal', '1958-09-15', '0925321940', 'H57'),
('748', 'MACHAD', 'Olivia', '1980-01-01', '0295716007', 'F25'),
('749', 'TOTODE', 'Sofiane', '1980-06-04', '0815918029', 'H26'),
('750', 'PEGOUT', 'Leana', '1977-10-06', '0314488814', 'F34'),
('751', 'SALERAY', 'Pierre-Etienne', '1982-12-24', '0172131459', 'H26'),
('752', 'KIDIL', 'Elisa', '1969-10-16', '0780811871', 'F35'),
('753', 'BICHRAULT', 'Guillaume', '1955-03-18', '0566398582', 'H57'),
('754', 'DUVOLAZ', 'Leana', '1940-03-18', '0496957531', 'F67'),
('755', 'DARALER', 'Kevin', '1968-09-04', '0538647529', 'H44'),
('756', 'KADDONC', 'Lucie', '1953-05-16', '012527276', 'F57'),
('757', 'LEROIE', 'Louison', '1955-02-03', '0349997792', 'H57'),
('758', 'COUBREA', 'Lilou', '1939-11-15', '0758091439', 'F67'),
('759', 'BERPAREU', 'Bilal', '1972-04-07', '0319143137', 'H35'),
('760', 'NONOTER', 'Elisa', '1975-09-09', '0320250526', 'F33'),
('761', 'NEUSIL', 'Theo', '1996-11-05', '0691262310', 'H16'),
('762', 'PLEVAGU', 'Margaux', '1962-01-25', '078255321', 'F45'),
('763', 'SCHERT', 'Sébastien', '1942-10-27', '0469429973', 'H67'),
('764', 'VANCHAPO', 'Sarah', '1943-09-20', '094762579', 'F67'),
('765', 'LENGA', 'Aurelien', '1992-01-09', '0457372736', 'H13'),
('766', 'GAUQUIC', 'Agathe', '1992-04-21', '0425208770', 'F17'),
('767', 'BRESSIER', 'Maxime', '1972-10-26', '0261861418', 'H36'),
('768', 'ADOMOI', 'Julia', '1975-07-23', '071865313', 'F32'),
('769', 'POURE', 'Nicolas', '1945-07-04', '0571962630', 'H67'),
('770', 'LAURNTAU', 'Zoé', '1956-07-09', '0742278120', 'F57'),
('771', 'LHABANT', 'Allan', '1969-01-12', '0353569372', 'H32'),
('772', 'FRILAT', 'Roxane', '1967-02-11', '0762763523', 'F47'),
('773', 'BEALIRER', 'Baptiste', '1945-11-11', '0187268393', 'H67'),
('774', 'CAWALL', 'Sarah', '1947-06-12', '0771464780', 'F67'),
('775', 'DUYIENSEZ', 'Aurelien', '1998-12-24', '0330166040', 'H16'),
('776', 'TEBIRY', 'Camille', '1984-03-14', '0786710445', 'F24'),
('777', 'CHABIAULI', 'Florentin', '1983-04-26', '0954004797', 'H25'),
('778', 'FESIARE', 'Lucie', '1945-01-28', '0362827402', 'F67'),
('779', 'BARSIX', 'Quentin', '1945-01-14', '083413983', 'H67'),
('780', 'BILILLAT', 'Elsa', '1953-02-12', '0660597775', 'F57'),
('781', 'NEGEL', 'Thomas', '1993-06-13', '0321893167', 'H17'),
('782', 'KIVEL', 'Rose', '1966-07-01', '0141208213', 'F43'),
('783', 'PUVIEN', 'Raphael', '1959-01-19', '0913976643', 'H46'),
('784', 'BETUX', 'Margaux', '1977-07-02', '014118851', 'F37'),
('785', 'SHANIEAN', 'Emeric', '1992-04-08', '0324132674', 'H15'),
('786', 'DAFEUIT', 'Léa', '1966-02-09', '0463716606', 'F45'),
('787', 'JOUS', 'Maxime', '1957-02-12', '0613585421', 'H57'),
('788', 'JABAT', 'Rose', '1941-04-15', '0777070795', 'F66'),
('789', 'ZIPRAULI', 'Thomas', '1947-03-14', '0127815824', 'H65'),
('790', 'MEMOS', 'Domitille', '1965-04-18', '0551467790', 'F43'),
('791', 'ROUMEROUX', 'Benoit', '1952-04-01', '088687377', 'H55'),
('792', 'DHAMA', 'Claire', '1942-11-11', '0471207505', 'F65'),
('793', 'FACAIER', 'Thomas', '1966-10-08', '0924344141', 'H45'),
('794', 'DENNIER', 'Solene', '1998-04-03', '0587968861', 'F14'),
('795', 'CAMER', 'Thomas', '1993-09-27', '0970409596', 'H14'),
('796', 'TAVES', 'Félicie', '1965-10-20', '0311374248', 'F44'),
('797', 'ELAUVARAU', 'Mathieu', '1980-01-24', '0360987250', 'H24'),
('798', 'LAULORDINOU', 'Lucie', '1985-05-14', '0926400002', 'F24'),
('799', 'LOLGREMA', 'Aymeric', '1988-02-26', '0475567515', 'H24');
INSERT INTO `SONDE` (`numsond`, `nomsond`, `prenomsond`, `datenaissond`, `telephonesond`, `idc`) VALUES
('800', 'LOUSS', 'Anna', '1945-11-22', '0698832206', 'F64'),
('801', 'DAVABIZAHANE', 'Sofiane', '1986-02-22', '0860784035', 'H23'),
('802', 'BARE', 'Louane', '1942-05-23', '0130975868', 'F68'),
('803', 'POLTRE', 'Aurelien', '1955-02-09', '0193869407', 'H58'),
('804', 'PEISVEAUD', 'Sarah', '1966-11-07', '0617762869', 'F48'),
('805', 'LYPON', 'Jérôme', '1985-09-27', '0253258519', 'H26'),
('806', 'PELVARER', 'Zoé', '1976-01-12', '0986089355', 'F32'),
('807', 'REJOTET', 'Thibault', '1992-05-12', '0695025115', 'H18'),
('808', 'NEJIS', 'Léonie', '1978-04-27', '0155328491', 'F38'),
('809', 'PEURES', 'Kévin', '1946-02-21', '0363812769', 'H68'),
('810', 'AL', 'Cindy', '1939-07-02', '0825626579', 'F68'),
('811', 'CROUVE', 'Flavian', '1985-10-10', '0164196271', 'H26'),
('812', 'ALCKIET', 'Lucie', '1994-12-10', '0458774620', 'F11'),
('813', 'MABRTHO', 'Thomas', '1977-03-01', '0929494149', 'H34'),
('814', 'EVAL', 'Manon', '1991-03-23', '0531667657', 'F14'),
('815', 'HAHEN', 'Quentin', '1972-05-02', '088968389', 'H36'),
('816', 'BONGNOTH', 'Rose', '1967-09-20', '0598315127', 'F43'),
('817', 'BOUTAD', 'Olivier', '1997-07-14', '0168559543', 'H14'),
('818', 'SANERER', 'Sarah', '1943-03-21', '0332853906', 'F68'),
('819', 'MALLIN', 'Pierre', '1951-06-04', '0234467484', 'H58'),
('820', 'MAGNOT', 'Ambre', '1971-09-11', '0423522635', 'F34'),
('821', 'SINAILOU', 'Othmane', '1976-09-26', '0560059205', 'H37'),
('822', 'BERDALM', 'Lena', '1991-07-15', '0339218273', 'F14'),
('823', 'DAYHOLT', 'Jessy', '1976-01-18', '0982308764', 'H34'),
('824', 'BOUIN', 'Lilou', '1941-03-19', '0544633173', 'F68'),
('825', 'COUFFET', 'Killian', '1950-03-17', '0152447020', 'H58'),
('826', 'PAGA', 'Félicie', '1986-03-05', '0695378285', 'F28'),
('827', 'ERUVENGA', 'Matthias', '1972-09-19', '0360563348', 'H34'),
('828', 'SAILA', 'Léonie', '1969-02-05', '0979253821', 'F33'),
('829', 'DERART', 'Simon', '1975-04-28', '043090023', 'H35'),
('830', 'NERRAN', 'Julia', '1989-10-09', '0898503704', 'F14'),
('831', 'DUEROULT', 'Thomas', '1969-08-23', '0528685892', 'H33'),
('832', 'COUNISON', 'Solene', '1946-04-01', '039655709', 'F67'),
('833', 'LEKONE', 'Jules', '1986-01-05', '0184906433', 'H26'),
('834', 'PEUT', 'Sarah', '1943-10-01', '0350748094', 'F67'),
('835', 'CHOSIRIA', 'Killian', '1948-07-13', '0263545072', 'H67'),
('836', 'SAUFLAU', 'Eva', '1979-03-25', '0463967297', 'F26'),
('837', 'VAU', 'Teddy', '1959-04-10', '0164711628', 'H44'),
('838', 'VADOY', 'Faustine', '1987-02-01', '0498088213', 'F27'),
('839', 'JANANAU', 'Johan', '1948-11-02', '0925866830', 'H67'),
('840', 'FARBEBA', 'Alice', '1975-02-27', '0981007737', 'F33'),
('841', 'JOUTINE', 'Quentin', '1991-05-10', '0698966432', 'H13'),
('842', 'PEVET', 'Marion', '1963-07-06', '013520442', 'F44'),
('843', 'SARTIERD', 'Nicolas', '1985-07-18', '0584658988', 'H26'),
('844', 'CABRI', 'Juliette', '1955-09-06', '0528291279', 'F57'),
('845', 'LALOU', 'Yan', '1996-01-12', '0536224836', 'H12'),
('846', 'MEUK', 'Camille', '1946-09-21', '0982498676', 'F67'),
('847', 'DETINEAL', 'Gregoire', '1940-07-25', '0780331200', 'H67'),
('848', 'ZET', 'Caroline', '1944-05-18', '0949760363', 'F67'),
('849', 'JARGE', 'Jean', '1943-05-03', '0811046810', 'H67'),
('850', 'LORTOUX', 'Margaux', '1939-12-09', '0414440527', 'F67'),
('851', 'FRIFOT', 'Sebastien', '1955-07-24', '0598690910', 'H57'),
('852', 'MEW', 'Sarah', '1986-10-16', '0590887252', 'F25'),
('853', 'MAIGNALE', 'Maxence', '1966-12-18', '0876183100', 'H46'),
('854', 'RINAY', 'Charlotte', '1985-05-07', '0326123513', 'F24'),
('855', 'RESQUIRD', 'Thomas', '1952-10-05', '089398195', 'H57'),
('856', 'KANINSOONER', 'Zoé', '1966-12-10', '049912697', 'F45'),
('857', 'MAROT', 'Alexandre', '1991-04-08', '0892122909', 'H12'),
('858', 'ALO', 'Enora', '1966-12-05', '0798089588', 'F47'),
('859', 'VRIGONT', 'Bilal', '1960-04-16', '0593791819', 'H46'),
('860', 'ALT', 'Eléna', '1954-08-05', '0853232737', 'F57'),
('861', 'HUPEAZ', 'Maxime', '1975-01-11', '0511473031', 'H35'),
('862', 'DENOUEZE', 'Camille', '1963-07-26', '067863573', 'F45'),
('863', 'ABALGET', 'Antoine', '1998-01-02', '0669066706', 'H14'),
('864', 'BABAS', 'Juliette', '1939-04-18', '0375437706', 'F67'),
('865', 'MERCHE', 'Gregoire', '1944-08-24', '0825471871', 'H67'),
('866', 'BEGITOF', 'Olivia', '1970-03-20', '0481113380', 'F36'),
('867', 'MEVIGANE', 'Stéphane', '1967-06-17', '067735405', 'H44'),
('868', 'THAUVREROLE', 'Anna', '1940-10-19', '0192151270', 'F67'),
('869', 'DELANOR', 'Mathieu', '1979-04-16', '0228241559', 'H22'),
('870', 'CHENEALE', 'Capucine', '1943-03-25', '024030505', 'F67'),
('871', 'FOCOLITH', 'Florian', '1971-08-14', '0955496287', 'H35'),
('872', 'SCHRAN', 'Jeanne', '1965-12-24', '0293947102', 'F45'),
('873', 'KUIX', 'Raphaël', '1969-01-03', '0881964184', 'H37'),
('874', 'PILKETE', 'Eden', '1989-12-08', '0289728490', 'F14'),
('875', 'INDET', 'Arthur', '1988-04-09', '0687594648', 'H26'),
('876', 'TAUNY', 'Eva', '1968-07-13', '0181686851', 'F47'),
('877', 'REURETE', 'Aurelien', '1991-03-09', '0734185890', 'H15'),
('878', 'LAJOUCKHER', 'Claire', '1950-10-22', '0283271077', 'F57'),
('879', 'VENNINGET', 'Teddy', '1998-09-13', '0646466962', 'H16'),
('880', 'CHAUIN', 'Emma', '1997-04-03', '0154048568', 'F15'),
('881', 'JILVON', 'Antoine', '1957-05-19', '0122993874', 'H57'),
('882', 'TOUR', 'Eloïse', '1964-07-21', '0577304990', 'F43'),
('883', 'GRILLERD', 'Adrien', '1981-05-16', '0884269399', 'H23'),
('884', 'CHAME', 'Charlotte', '1961-09-10', '0549081107', 'F45'),
('885', 'DASMASSU', 'Jean', '1968-10-04', '0822987888', 'H45'),
('886', 'BAPUDIA', 'Coralie', '1986-10-24', '022515275', 'F23'),
('887', 'RIVAT', 'Nicolas', '1968-01-17', '0324646560', 'H46'),
('888', 'MEAHARD', 'Rokhaya', '1959-07-18', '0498482930', 'F47'),
('889', 'NACHA', 'Jessy', '1954-02-26', '0489799652', 'H57'),
('890', 'VINNE', 'Pauline', '1979-11-20', '048894780', 'F27'),
('891', 'OROUKAN', 'Simon', '1975-01-07', '0628211130', 'H35'),
('892', 'CAUZZ', 'Claire', '1988-11-11', '0990693639', 'F25'),
('893', 'RIMOUX', 'Anthony', '1957-03-24', '0966558144', 'H57'),
('894', 'MAVIRIERET', 'Manon', '1958-11-13', '0527820957', 'F57'),
('895', 'RONCAUR', 'Thomas', '1991-05-11', '0478039160', 'H17'),
('896', 'TRULHER', 'Cindy', '1957-04-22', '07851424', 'F57'),
('897', 'GALAR', 'Florian', '1971-12-28', '0549966536', 'H35'),
('898', 'BEGNAGU', 'Pauline', '1957-10-03', '0865990054', 'F57'),
('899', 'SICQUOUX', 'Michael', '1952-06-01', '0891327506', 'H55'),
('900', 'KOUCH', 'Elsa', '1955-07-13', '0459103329', 'F55'),
('901', 'CORBAL', 'Julien', '1994-04-21', '0189389560', 'H14'),
('902', 'FROSSI', 'Clémence', '1948-05-02', '0658648887', 'F68'),
('903', 'RECHMEBOLOUE', 'Lucien', '1969-03-21', '0872547255', 'H38'),
('904', 'OUARANT', 'Alice', '1940-10-08', '0792958536', 'F68'),
('905', 'BOUGEN', 'Damien', '1975-08-22', '0536532578', 'H34'),
('906', 'LEIEVIE', 'Camille', '1998-11-23', '0537219473', 'F18'),
('907', 'HA', 'Romaric', '1939-04-25', '0617238113', 'H68'),
('908', 'BORATOU', 'Coralie', '1995-05-27', '072017234', 'F17'),
('909', 'JAMIS', 'Alan', '1975-02-15', '0933340867', 'H36'),
('910', 'PARLIT', 'Clara', '1998-07-11', '0590023686', 'F12'),
('911', 'HACHAUX', 'François', '1982-03-09', '054629988', 'H21'),
('912', 'DUARUERAN', 'Margaux', '1994-04-01', '0943140483', 'F18'),
('913', 'SKIMOUDEZ', 'Seyyid', '1972-02-12', '0828989731', 'H34'),
('914', 'BRESONC', 'Blandine', '1949-11-07', '0920702315', 'F58'),
('915', 'DOUZUER', 'Yacine', '1974-12-24', '0214474639', 'H37'),
('916', 'PEBEREY', 'Noemie', '1965-07-26', '0993904426', 'F47'),
('917', 'MOULAUFA', 'Nicolas', '1988-09-19', '0441724130', 'H22'),
('918', 'TARORT', 'Mila', '1987-06-13', '0472032020', 'F22'),
('919', 'LESPIR', 'David', '1965-12-17', '0549269794', 'H42'),
('920', 'TUSORETE', 'Mathilde', '1988-10-20', '0798967183', 'F26'),
('921', 'DESAN', 'Mathieu', '1997-02-10', '0312714918', 'H15'),
('922', 'RIND', 'Louna', '1982-12-06', '0666604177', 'F27'),
('923', 'CRUAR', 'Mathieu', '1958-05-23', '0876065748', 'H58'),
('924', 'LARGIS', 'Rose', '1993-09-01', '0764643276', 'F18'),
('925', 'AMMOUCHE', 'Damien', '1954-11-05', '0271845905', 'H58'),
('926', 'BREMAN', 'Lena', '1980-04-28', '0956732712', 'F26'),
('927', 'BARLHEY', 'Aurélien', '1942-01-06', '0164195729', 'H68'),
('928', 'BOTHARER', 'Rose', '1940-12-09', '0760360210', 'F68'),
('929', 'DETHOS', 'Robin', '1946-02-01', '0296110177', 'H67'),
('930', 'OGHAPA', 'Mathilde', '1977-02-21', '0747698091', 'F33'),
('931', 'DERLEIN', 'Julien', '1950-07-08', '0377695555', 'H57'),
('932', 'PICHEAUD', 'Cindy', '1991-12-07', '0614074750', 'F16'),
('933', 'OLONE', 'Florent', '1997-03-19', '0422233927', 'H17'),
('934', 'KHOTE', 'Julia', '1956-06-16', '0111582847', 'F57'),
('935', 'MARKAUIX', 'Sebastien', '1992-03-09', '0187956158', 'H14'),
('936', 'BALTANIR', 'Leana', '1972-07-11', '0367191172', 'F33'),
('937', 'DERDAR', 'Yassine', '1955-03-07', '089695305', 'H57'),
('938', 'TURCINDER', 'Sarah', '1950-04-12', '0796313261', 'F57'),
('939', 'AMIFEIETT', 'Maxime', '1974-01-22', '0959633237', 'H34'),
('940', 'ALLOID', 'Eva', '1950-10-02', '0642898459', 'F57'),
('941', 'BERT', 'Jeremy', '1968-06-26', '0113773274', 'H43'),
('942', 'MOUCERT', 'Lola', '1958-07-13', '0292293201', 'F57'),
('943', 'RONNOT', 'Sebastien', '1966-05-22', '0758934113', 'H43'),
('944', 'BEFERDISIE', 'Ambre', '1980-03-11', '041610711', 'F27'),
('945', 'DELUNGNE', 'Malory', '1966-06-20', '0779067174', 'H44'),
('946', 'BUDETIE', 'Nina', '1985-08-08', '0983247127', 'F23'),
('947', 'MEFEQUERAUT', 'Dorian', '1952-05-28', '0548767968', 'H57'),
('948', 'LEHASOM', 'Sarah', '1954-01-02', '0774969635', 'F57'),
('949', 'GULM', 'Allan', '1970-06-27', '0872787135', 'H33'),
('950', 'SKIROUARD', 'Solene', '1993-01-27', '0218079611', 'F15'),
('951', 'HUDET', 'Bilal', '1974-10-07', '0598654189', 'H34'),
('952', 'JAILLIE', 'Agathe', '1953-12-25', '0437337394', 'F57'),
('953', 'KATEUR', 'Joris', '1944-11-01', '082036117', 'H67'),
('954', 'LARREACI', 'Faustine', '1974-07-09', '0762945632', 'F34'),
('955', 'LENFETENE', 'Amaury', '1982-12-22', '0781114364', 'H24'),
('956', 'BOURET', 'Clémence', '1969-12-15', '0661316803', 'F33'),
('957', 'MARTE', 'Simon', '1969-05-15', '064190476', 'H34'),
('958', 'DUISAT', 'Margaux', '1979-11-27', '0568482016', 'F23'),
('959', 'BOIREINOT', 'Sébastien', '1963-06-14', '0876052983', 'H47'),
('960', 'DETTILAUREAU', 'Manon', '1939-05-19', '0751315571', 'F67'),
('961', 'SARHINO', 'Anthony', '1990-02-09', '0379208769', 'H14'),
('962', 'SOBOLLY', 'Elsa', '1946-08-12', '0932933667', 'F67'),
('963', 'DONIVY', 'Denis', '1994-05-06', '0882267045', 'H16'),
('964', 'BEBESA', 'Blandine', '1960-05-01', '0486021761', 'F47'),
('965', 'VONST', 'Martin', '1952-07-21', '0654946657', 'H57'),
('966', 'GAISININ', 'Marie-Laure', '1986-08-23', '0363620981', 'F24'),
('967', 'VEVIAURIN', 'Flavien', '1961-06-27', '0219709963', 'H47'),
('968', 'MOW', 'Camille', '1952-02-26', '0443062758', 'F57'),
('969', 'MOMALY', 'François', '1971-01-17', '0295329589', 'H36'),
('970', 'FAORIGUD', 'Elise', '1988-05-21', '0142327582', 'F24'),
('971', 'BOPFANGES', 'Thomas', '1968-05-20', '0876183524', 'H43'),
('972', 'PRILLAU', 'Chloé', '1989-08-08', '0359769598', 'F15'),
('973', 'SERERAUX', 'Allan', '1943-10-28', '0612822755', 'H67'),
('974', 'KOUSAIOY', 'Clara', '1993-07-27', '028509707', 'F14'),
('975', 'FABLO', 'Vincent', '1971-05-24', '0595174322', 'H37'),
('976', 'NODRAUR', 'Agathe', '1968-06-26', '0483241074', 'F47'),
('977', 'RUEVAR', 'Nicolas', '1968-04-01', '091809268', 'H47'),
('978', 'LORJIND', 'Leana', '1957-02-07', '0920443038', 'F57'),
('979', 'ELU', 'Robin', '1988-04-08', '0926248930', 'H27'),
('980', 'MARRY', 'Valentine', '1972-08-21', '0756675710', 'F35'),
('981', 'TCAZOUAMA', 'Matthias', '1945-04-18', '0785503324', 'H67'),
('982', 'ADROT', 'Léonie', '1952-09-14', '0615893071', 'F57'),
('983', 'GUCHON', 'Stéphane', '1981-05-11', '01585770', 'H25'),
('984', 'DEZEIT', 'Mathilde', '1986-06-04', '0592230864', 'F25'),
('985', 'MAUHORI', 'Thibault', '1942-02-28', '0656374071', 'H66'),
('986', 'BEBOUCLE', 'Mathilde', '1984-11-02', '0232056233', 'F25'),
('987', 'MI', 'Darenn', '1946-11-14', '0734824319', 'H66'),
('988', 'DILLERER', 'Capucine', '1960-10-24', '0273350457', 'F45'),
('989', 'FEBOTORININ', 'Pierre-adrien', '1977-06-18', '0136198970', 'H35'),
('990', 'BOSTINER', 'Sarah', '1974-12-23', '0921757685', 'F36'),
('991', 'MOUNUDOG', 'Sebastien', '1959-02-28', '0332881132', 'H45'),
('992', 'WALLOCHE', 'Marion', '1943-05-17', '0942673757', 'F66'),
('993', 'FRULAMYR', 'Romaric', '1947-11-04', '0344892890', 'H66'),
('994', 'LENUJA', 'Pauline', '1947-01-19', '0225432921', 'F66'),
('995', 'FETE', 'Quentin', '1966-12-08', '0896703494', 'H45'),
('996', 'THAOULL', 'Clara', '1942-10-20', '0262211787', 'F65'),
('997', 'HUENAO', 'Vincent', '1945-02-01', '0370997327', 'H65'),
('998', 'NOUGUE', 'Lilou', '1968-08-23', '035379584', 'F45'),
('999', 'ROROND', 'Guillaume', '1963-06-23', '0113305088', 'H45'),
('1000', 'PIQUY', 'Enora', '1965-11-09', '0441303527', 'F45'),
('1001', 'DELVERDI', 'Romain', '1993-09-21', '0482028930', 'H11'),
('1002', 'CALILOIRES', 'Enora', '1939-12-26', '0254307843', 'F68'),
('1003', 'GANDOU', 'Sebastien', '1993-07-10', '0372966543', 'H17'),
('1004', 'BRUNEROUER', 'Sarah', '1983-07-28', '0530438184', 'F27'),
('1005', 'YAREL', 'Killian', '1993-03-05', '0731201596', 'H12'),
('1006', 'KAKOVIEN', 'Louna', '1959-10-06', '0444052789', 'F45'),
('1007', 'GONREREAU', 'Dmitry', '1991-09-02', '0844263942', 'H17'),
('1008', 'HERCIG', 'Elise', '1979-09-07', '0816077572', 'F25'),
('1009', 'GAUTHOU', 'Anthony', '1998-04-26', '012926586', 'H14'),
('1010', 'LEMPEL', 'Louna', '1943-10-16', '0158797123', 'F68'),
('1011', 'MILVON', 'Julien', '1965-01-21', '0549155250', 'H43'),
('1012', 'HURAUERN', 'Marion', '1945-02-05', '0130985564', 'F68'),
('1013', 'BESSANEAU', 'Thibault', '1991-08-12', '0845047750', 'H15'),
('1014', 'CAMBET', 'Lana', '1977-12-24', '0124665682', 'F36'),
('1015', 'GUELA', 'Baptiste', '1967-11-24', '0954101002', 'H42'),
('1016', 'GAHINJIE', 'Elise', '1975-09-19', '055903228', 'F36'),
('1017', 'BOUN', 'Valentin', '1997-05-13', '0278059505', 'H18'),
('1018', 'NECKE', 'Eva', '1998-09-21', '0945778751', 'F12'),
('1019', 'QUIL', 'Bilal', '1952-04-24', '0380461045', 'H58'),
('1020', 'ARAUENAR', 'Anaïs', '1954-08-11', '0322458442', 'F58'),
('1021', 'LARTONT', 'Paul-Antoine', '1965-06-16', '0593747478', 'H46'),
('1022', 'OTERET', 'Jade', '1989-08-04', '0410430630', 'F13'),
('1023', 'LAMOU', 'Julien', '1963-08-25', '0242337071', 'H47'),
('1024', 'DUBAHIN', 'Célia', '1973-03-14', '0660350498', 'F37'),
('1025', 'MICHOU', 'Younes', '1984-02-17', '0973321013', 'H26'),
('1026', 'GOGOND', 'Eloïse', '1944-09-11', '0299858956', 'F68'),
('1027', 'LARNEVA', 'Yassine', '1968-07-18', '0764287318', 'H44'),
('1028', 'MALEBEDOU', 'Lilou', '1946-02-23', '0169470940', 'F68'),
('1029', 'LARRA', 'Jean', '1965-01-13', '0578431911', 'H45'),
('1030', 'SCEVIEROUGE', 'Sarah', '1950-02-10', '0751779659', 'F58'),
('1031', 'MOYET', 'Aurélien', '1973-01-10', '0967072596', 'H33'),
('1032', 'TODD', 'Lena', '1979-09-17', '091447234', 'F28'),
('1033', 'CABEL', 'Kévin', '1978-12-19', '0447035173', 'H36'),
('1034', 'FARAIRD', 'Eloïse', '1963-12-02', '0820331783', 'F46'),
('1035', 'BOLIGORET', 'Raphaël', '1992-03-08', '0848615734', 'H14'),
('1036', 'DELY', 'Nolwenn', '1940-10-22', '0325557688', 'F68'),
('1037', 'MELO', 'Bilal', '1966-11-07', '0227255213', 'H45'),
('1038', 'GAILAIR', 'Clémence', '1982-09-10', '0764117918', 'F27'),
('1039', 'ROURIEN', 'Guillaume', '1973-10-28', '016041142', 'H34'),
('1040', 'DUINCIN', 'Sarah', '1941-12-07', '0672961114', 'F68'),
('1041', 'CAVECHAVIER', 'Maxime', '1961-02-14', '0486592636', 'H46'),
('1042', 'BRURISSE', 'Louna', '1975-07-21', '0360720076', 'F36'),
('1043', 'DETOUER', 'Florent', '1964-05-07', '0243871637', 'H42'),
('1044', 'DEFEANER', 'Lilou', '1955-02-17', '0214360095', 'F57'),
('1045', 'BARAN', 'Willy', '1993-10-04', '0185748994', 'H15'),
('1046', 'JOUGELE', 'Faustine', '1987-03-25', '0897810204', 'F23'),
('1047', 'MOSSON', 'Bilal', '1953-06-01', '0844417322', 'H57'),
('1048', 'BRANN', 'Enora', '1981-07-24', '0950156675', 'F27'),
('1049', 'JELOKERON', 'Damien', '1982-01-21', '0390294828', 'H26'),
('1050', 'GUCHANT', 'Blandine', '1996-09-14', '0361447340', 'F14'),
('1051', 'BOIOT', 'Baptiste', '1956-07-02', '0879582386', 'H57'),
('1052', 'CHISARE', 'Sarah', '1996-10-25', '0230075576', 'F14'),
('1053', 'TAMOLLOT', 'Thomas', '1966-04-20', '0789976637', 'H46'),
('1054', 'DURE', 'Zoé', '1975-04-02', '0680153928', 'F36'),
('1055', 'AMBETELTIN', 'Guillaume', '1943-07-02', '0839932593', 'H67'),
('1056', 'RARALLUD', 'Jeanne', '1995-10-02', '0427802639', 'F13'),
('1057', 'LEVEILERD', 'Alan', '1954-02-07', '0450145375', 'H57'),
('1058', 'BALLO', 'Ambre', '1942-03-22', '0768918367', 'F67'),
('1059', 'GIBERISS', 'Sebastien', '1944-02-06', '0933639438', 'H67'),
('1060', 'MAPEARD', 'Louna', '1982-03-22', '013693269', 'F24'),
('1061', 'LES', 'Arthur', '1997-01-23', '0475163887', 'H14'),
('1062', 'LELIND', 'Jade', '1943-02-01', '041664729', 'F67'),
('1063', 'AFCERY', 'Jessy', '1960-03-22', '0634977054', 'H45'),
('1064', 'FRUT', 'Eléna', '1972-02-28', '0760153679', 'F37'),
('1065', 'BURIN', 'Mathieu', '1956-01-21', '0240283843', 'H57'),
('1066', 'ROUNENT', 'Alicia', '1971-03-16', '0579144484', 'F34'),
('1067', 'HE', 'Quentin', '1981-10-07', '0675312451', 'H26'),
('1068', 'DENOBVR', 'Louna', '1980-06-18', '0637557921', 'F24'),
('1069', 'LICHOS', 'Florian', '1940-06-05', '0312876223', 'H67'),
('1070', 'PIRETIA', 'Eléna', '1958-04-12', '0852944388', 'F57'),
('1071', 'VAVALOUX', 'Guillaume', '1957-08-13', '0946587711', 'H57'),
('1072', 'FOSTET', 'Clara', '1947-08-17', '015107931', 'F67'),
('1073', 'DHEZETINDJI', 'Willy', '1944-11-12', '0323489836', 'H67'),
('1074', 'CORGURD', 'Olivia', '1972-11-06', '016996364', 'F35'),
('1075', 'RAMMON', 'Clement', '1979-10-26', '0378265411', 'H24'),
('1076', 'MABRI', 'Nolwenn', '1965-12-05', '0928914444', 'F44'),
('1077', 'KASESER', 'Mathieu', '1977-11-18', '0113608751', 'H37'),
('1078', 'RERME', 'Louane', '1972-04-07', '0419684758', 'F33'),
('1079', 'ADDRY', 'Romaric', '1940-04-04', '0610957306', 'H67'),
('1080', 'CENGEZ', 'Eloïse', '1940-09-24', '0985506344', 'F67'),
('1081', 'SAURART', 'Baptiste', '1972-04-09', '0689583811', 'H33'),
('1082', 'CUVONETS', 'Romane', '1944-09-05', '099180236', 'F67'),
('1083', 'PINGEGULT', 'Romaric', '1942-10-11', '0493336938', 'H67'),
('1084', 'RIGU', 'Mathilde', '1954-11-16', '0762071794', 'F57'),
('1085', 'SCHOCHEU', 'Adrien', '1952-02-21', '0287936222', 'H57'),
('1086', 'GRATERD', 'Claire', '1956-06-03', '0760027448', 'F57'),
('1087', 'BOYEGHE', 'Jean', '1984-04-11', '0417560785', 'H23'),
('1088', 'SEMPELI', 'Ambre', '1958-07-20', '034410787', 'F57'),
('1089', 'RISSA', 'Yan', '1951-10-08', '0884040305', 'H57'),
('1090', 'BROURY', 'Lana', '1950-07-01', '0123902434', 'F55'),
('1091', 'GRINE', 'Kevin', '1974-01-16', '0828390943', 'H33'),
('1092', 'DUBORQUE', 'Claire', '1969-10-16', '0361797985', 'F35'),
('1093', 'BOSSITE', 'Clément', '1976-11-09', '0254932735', 'H35'),
('1094', 'SAYANT', 'Lucie', '1982-11-25', '0151903626', 'F24'),
('1095', 'ITTIN', 'Mathieu', '1975-02-09', '0856126477', 'H34'),
('1096', 'LERBE', 'Clara', '1962-10-21', '0926962355', 'F45'),
('1097', 'VANANIAN', 'Matthias', '1966-04-08', '0331420621', 'H45'),
('1098', 'BLOG', 'Louane', '1961-02-08', '0138106777', 'F45'),
('1099', 'BORCHIS', 'Benjamin', '1986-11-11', '087597087', 'H25'),
('1100', 'STRAR', 'Lola', '1980-03-16', '095659468', 'F25'),
('1101', 'LAMOY', 'Bilal', '1957-10-15', '0621852113', 'H58'),
('1102', 'FENTHA', 'Romane', '1942-02-07', '0174529623', 'F68'),
('1103', 'COUPER', 'Adrien', '1940-05-06', '0257377304', 'H68'),
('1104', 'CAMO', 'Imane', '1947-02-17', '0328171765', 'F68'),
('1105', 'BARRYET', 'Quentin', '1947-08-22', '0250146199', 'H68'),
('1106', 'PERATOIRE', 'Alice', '1967-08-02', '0427065471', 'F46'),
('1107', 'MOURECH', 'Kevin', '1968-09-24', '0248045116', 'H41'),
('1108', 'AURDERT', 'Sarah', '1961-06-06', '075243876', 'F48'),
('1109', 'SEGAN', 'David', '1955-05-25', '0559708148', 'H58'),
('1110', 'LADRAS', 'Pauline', '1947-07-02', '0682882395', 'F68'),
('1111', 'COLLAKE', 'Thomas', '1986-11-04', '0285184699', 'H26'),
('1112', 'RIONE', 'Célia', '1995-04-19', '04180481', 'F16'),
('1113', 'MENNAUT', 'Maxence', '1977-04-09', '0799656355', 'H33'),
('1114', 'DAIDAL', 'Marion', '1950-02-01', '0970993420', 'F58'),
('1115', 'LONDI', 'Remi', '1983-04-22', '0358034460', 'H28'),
('1116', 'ELLBAD', 'Domitille', '1949-04-19', '0945092465', 'F58'),
('1117', 'KASSET', 'Baptiste', '1962-07-14', '0661749765', 'H43'),
('1118', 'MARI', 'Félicie', '1964-06-23', '0262211927', 'F45'),
('1119', 'GUREBAR', 'Arnaud', '1953-06-09', '0272032250', 'H58'),
('1120', 'SODAR', 'Camille', '1949-08-03', '0919389529', 'F57'),
('1121', 'CALETAUTIER', 'Nicolas', '1961-04-21', '0565040587', 'H44'),
('1122', 'CHANNO', 'Claire', '1998-07-14', '0966017297', 'F12'),
('1123', 'MAGANACH', 'Jean-Michel', '1984-08-13', '0296000434', 'H24'),
('1124', 'BREBIRGNE', 'Romane', '1985-02-06', '0893015757', 'F27'),
('1125', 'MILAMEC', 'Jules', '1965-11-11', '0598293590', 'H47'),
('1126', 'MOPARAU', 'Olivia', '1950-12-07', '0825634781', 'F57'),
('1127', 'PEKARDAC', 'Bilal', '1974-03-10', '0636844210', 'H36'),
('1128', 'SENT', 'Rokhaya', '1959-03-20', '0331933159', 'F46'),
('1129', 'BESANNE', 'Simon', '1959-09-08', '0545465820', 'H45'),
('1130', 'SPIDOU', 'Manon', '1968-03-10', '0571522083', 'F46'),
('1131', 'ROU', 'Marc', '1968-07-26', '0419235386', 'H42'),
('1132', 'ANDAR', 'Marie-Laure', '1949-06-18', '0513457656', 'F57'),
('1133', 'DIDIT', 'Mathieu', '1967-02-02', '0935646482', 'H45'),
('1134', 'HARQULE', 'Lana', '1970-12-16', '0931341324', 'F35'),
('1135', 'DEVOMOR', 'Raphaël', '1954-10-02', '062834838', 'H57'),
('1136', 'RIOULONI', 'Manon', '1939-02-10', '0127256725', 'F67'),
('1137', 'DUITERNI', 'Martin', '1971-07-23', '0718564121', 'H34'),
('1138', 'MOGONDO', 'Nina', '1970-08-06', '0620809905', 'F33'),
('1139', 'SADROUI', 'Nicolas', '1951-08-12', '0924849499', 'H57'),
('1140', 'CHANON', 'Agathe', '1976-04-21', '0127587947', 'F34'),
('1141', 'DEDIRD', 'Yanaël', '1959-01-17', '0126235964', 'H46'),
('1142', 'SERVO', 'Jeanne', '1995-03-12', '0349273337', 'F17'),
('1143', 'LEUTOT', 'Joris', '1980-10-15', '063245305', 'H23'),
('1144', 'ELANAU', 'Camille', '1971-01-01', '0758836209', 'F35'),
('1145', 'KAICHE', 'Aurelien', '1943-11-23', '038193011', 'H67'),
('1146', 'AMARA', 'Zoé', '1964-04-02', '0837258849', 'F46'),
('1147', 'DEUCINE', 'Jessy', '1966-05-23', '0417027638', 'H42'),
('1148', 'SALMAJI', 'Eva', '1949-05-16', '0682194824', 'F57'),
('1149', 'TOUR', 'Nicolas', '1950-08-24', '0731532784', 'H57'),
('1150', 'DILOUR', 'Elsa', '1957-08-12', '0975153121', 'F57'),
('1151', 'MAURAL', 'Dorian', '1992-11-05', '0984308242', 'H14'),
('1152', 'CHEMPIED', 'Anaïs', '1958-04-02', '0959375321', 'F57'),
('1153', 'HESSONILT', 'Dylan', '1939-02-26', '0832985693', 'H67'),
('1154', 'THEGEAU', 'Lola', '1969-05-22', '0627997837', 'F37'),
('1155', 'HAMBELL', 'Adrien', '1947-02-18', '0279757291', 'H67'),
('1156', 'ALATAK', 'Emma', '1993-09-27', '016048305', 'F13'),
('1157', 'CLAS', 'Kevin', '1990-02-09', '017398248', 'H16'),
('1158', 'BROMPER', 'Coralie', '1996-11-27', '0627429547', 'F17'),
('1159', 'BECOMO', 'Gabriel', '1940-05-04', '0174176177', 'H67'),
('1160', 'HALLIRA', 'Jeanne', '1943-12-28', '0297297445', 'F67'),
('1161', 'ABIO', 'Hugo', '1990-05-01', '0346731170', 'H13'),
('1162', 'BOUTADOND', 'Alice', '1982-09-01', '0951290790', 'F26'),
('1163', 'RAZONDER', 'Nicolas', '1965-01-14', '0783924715', 'H45'),
('1164', 'BOCHAUNTEI', 'Capucine', '1959-09-01', '0768718389', 'F44'),
('1165', 'KORCET', 'Kevin', '1979-03-21', '0119161177', 'H23'),
('1166', 'BIAREKI', 'Faustine', '1983-06-12', '0828738422', 'F26'),
('1167', 'DASA', 'Maxime', '1974-03-10', '0982036339', 'H35'),
('1168', 'GIGORE', 'Louane', '1990-05-08', '0228967869', 'F12'),
('1169', 'ELHO', 'Baptiste', '1945-05-25', '0311909845', 'H67'),
('1170', 'MEFFIA', 'Célia', '1986-08-27', '0844928382', 'F27'),
('1171', 'SORRAL', 'Benjamin', '1980-01-11', '058654855', 'H24'),
('1172', 'OMANIE', 'Mathilde', '1948-05-25', '0238362768', 'F67'),
('1173', 'LENDETIER', 'Cedric', '1956-07-16', '0437818507', 'H57'),
('1174', 'MANTOS', 'Louane', '1972-08-08', '0522298533', 'F35'),
('1175', 'TUISAN', 'Hugo', '1983-03-02', '0434690368', 'H27'),
('1176', 'LANSON', 'Leana', '1987-12-12', '0969108854', 'F27'),
('1177', 'GAHARERER', 'Raphael', '1942-05-12', '0883671762', 'H67'),
('1178', 'BERRE', 'Emma', '1995-07-23', '0586025721', 'F17'),
('1179', 'DICHANT', 'Paul', '1955-02-02', '0811454912', 'H57'),
('1180', 'ROZRY', 'Elise', '1979-12-11', '086274121', 'F27'),
('1181', 'LAMBRGE', 'Louison', '1940-07-01', '0756036551', 'H67'),
('1182', 'TCHARE', 'Lena', '1997-07-21', '0557871511', 'F15'),
('1183', 'ROMA', 'Paul-Antoine', '1990-11-06', '0226753580', 'H17'),
('1184', 'CHIVINGU', 'Lena', '1982-10-24', '0161990787', 'F23'),
('1185', 'BERRAPS', 'Dimitri', '1978-02-04', '069882301', 'H34'),
('1186', 'SENNEAU', 'Eléna', '1979-06-22', '0979562127', 'F23'),
('1187', 'PICK', 'Maxime', '1984-06-26', '0588089703', 'H24'),
('1188', 'ALAME', 'Nolwenn', '1995-10-27', '0160200661', 'F16'),
('1189', 'MASTOC', 'Sebastien', '1991-08-24', '0114382546', 'H15'),
('1190', 'BAREAD', 'Claire', '1972-06-24', '0737180941', 'F34'),
('1191', 'DAZAN', 'Kevin', '1948-11-28', '0292306863', 'H65'),
('1192', 'RISANT', 'Charlotte', '1940-10-15', '0744414649', 'F65'),
('1193', 'ESTOMPT', 'Olivier', '1976-10-21', '0435193066', 'H35'),
('1194', 'OTRICLER', 'Claire', '1992-03-09', '0824229755', 'F14'),
('1195', 'DOUPERAUF', 'Logan', '1978-01-25', '0167421169', 'H34'),
('1196', 'FICOIN', 'Noemie', '1943-02-21', '0617294901', 'F65'),
('1197', 'CHAUCOY', 'Dimitri', '1975-12-16', '0213403081', 'H35'),
('1198', 'APIET', 'Leana', '1970-07-18', '0612544980', 'F34'),
('1199', 'INDONIL', 'Bilal', '1975-12-07', '0171875333', 'H34'),
('1200', 'LERTIN', 'Imane', '1975-11-13', '017117205', 'F35'),
('1201', 'BAPROS', 'Pierre', '1984-03-18', '0732669012', 'H23'),
('1202', 'KALTO', 'Elsa', '1953-12-28', '055356544', 'F58'),
('1203', 'BAMBAL', 'Valentin', '1994-01-28', '0518929707', 'H17'),
('1204', 'ERONER', 'Chloé', '1947-01-07', '0137085111', 'F68'),
('1205', 'CANZA', 'Flavian', '1950-11-15', '0810528079', 'H58'),
('1206', 'ESKAUT', 'Louna', '1939-12-07', '0294614647', 'F68'),
('1207', 'WITORD', 'Marc', '1989-09-04', '0823034565', 'H13'),
('1208', 'KEBRERER', 'Lena', '1997-07-20', '0133615610', 'F13'),
('1209', 'POUS', 'Grégory', '1963-12-14', '048183019', 'H41'),
('1210', 'BAMEA', 'Valentine', '1960-04-08', '0754533102', 'F45'),
('1211', 'MOSTENAG', 'Valentin', '1943-04-16', '0384563927', 'H68'),
('1212', 'ROURERT', 'Anaïs', '1946-06-23', '0611182641', 'F68'),
('1213', 'CANNOT', 'Julien', '1960-04-10', '0469095784', 'H46'),
('1214', 'VIONGEAL', 'Mathilde', '1965-07-18', '0314007930', 'F43'),
('1215', 'BOILI', 'Thomas', '1962-05-21', '0254763786', 'H45'),
('1216', 'LIERTE', 'Enora', '1978-12-06', '064277415', 'F32'),
('1217', 'CHANQUIND', 'Thomas', '1977-12-02', '0515546095', 'H32'),
('1218', 'MAHERDOFF', 'Anna', '1966-11-10', '0636187822', 'F48'),
('1219', 'SAUSCHY', 'Jessy', '1950-08-02', '0216435179', 'H58'),
('1220', 'DEBBORIE', 'Lena', '1975-06-25', '094443464', 'F38'),
('1221', 'SEBITER', 'Antoine', '1986-01-20', '0756285605', 'H22'),
('1222', 'DINSIAN', 'Anna', '1962-10-16', '065534832', 'F46'),
('1223', 'GROTICHO', 'Julien', '1951-02-27', '0442804414', 'H58'),
('1224', 'TERESOA', 'Faustine', '1981-05-11', '0766537335', 'F23'),
('1225', 'BARTON', 'Remy', '1979-01-04', '0143349031', 'H22'),
('1226', 'BAY', 'Capucine', '1996-02-01', '026632750', 'F15'),
('1227', 'BERIST', 'Anthony', '1958-01-10', '09991223', 'H58'),
('1228', 'BEROTO', 'Clara', '1949-11-15', '0756782668', 'F58'),
('1229', 'BOUVERCHE', 'Axel', '1965-06-19', '0463465029', 'H44'),
('1230', 'BEDREAN', 'Lola', '1982-01-18', '083066647', 'F25'),
('1231', 'CARIRESON', 'Maxime', '1967-01-28', '0582806975', 'H43'),
('1232', 'DEBEAUR', 'Eden', '1985-07-11', '0897276527', 'F26'),
('1233', 'WARHACK', 'Yassine', '1960-05-22', '0377891315', 'H43'),
('1234', 'DJARA', 'Louane', '1940-11-05', '0743718192', 'F67'),
('1235', 'DELENOUFFY', 'Damien', '1977-03-13', '082264025', 'H35'),
('1236', 'THARTART', 'Jade', '1994-03-27', '068122083', 'F16'),
('1237', 'ESSOC', 'Guillaume', '1958-06-11', '0863450737', 'H57'),
('1238', 'EVRONAMMIER', 'Clara', '1968-11-02', '0254012204', 'F46'),
('1239', 'EDATE', 'Sebastien', '1959-06-13', '0241061491', 'H45'),
('1240', 'GUAPE', 'Manon', '1952-09-01', '0513478413', 'F57'),
('1241', 'GHEVE', 'Aurelien', '1969-09-27', '0314626828', 'H34'),
('1242', 'HEAULAUX', 'Félicie', '1971-09-09', '0337262550', 'F34'),
('1243', 'LEISAU', 'Bilal', '1983-12-21', '0676020680', 'H23'),
('1244', 'LONTER', 'Alicia', '1980-07-11', '0480992111', 'F23'),
('1245', 'LARRON', 'Nino', '1980-05-08', '0978232598', 'H24'),
('1246', 'MEUX', 'Olivia', '1950-10-28', '0267269502', 'F57'),
('1247', 'MORTELIND', 'Kevin', '1981-02-04', '0924055001', 'H24'),
('1248', 'MAKHOU', 'Rose', '1940-05-12', '0311585160', 'F67'),
('1249', 'NERGUIRT', 'Olivier', '1947-03-14', '0276317168', 'H67'),
('1250', 'PATHE', 'Elise', '1967-03-15', '0381388882', 'F46'),
('1251', 'RUMOUN', 'Thomas', '1959-05-26', '0232604079', 'H44'),
('1252', 'ROBERPOLE', 'Agathe', '1985-07-15', '0542198440', 'F26'),
('1253', 'SOIGUE', 'Mathieu', '1979-01-16', '0388432105', 'H27'),
('1254', 'SAIZAUD', 'Louane', '1991-06-06', '0413502402', 'F14'),
('1255', 'ALMOT', 'Pierre', '1975-06-01', '0561453741', 'H37'),
('1256', 'LARTUIGEU', 'Lana', '1971-09-13', '0948571948', 'F36'),
('1257', 'ANISOUL', 'Clement', '1980-03-19', '0154311694', 'H24'),
('1258', 'BELANA', 'Clémence', '1979-12-17', '0226695392', 'F25'),
('1259', 'BERONTE', 'David', '1991-10-21', '0530762209', 'H17'),
('1260', 'BELLER', 'Cindy', '1957-03-02', '0163119457', 'F57'),
('1261', 'BOQUIDO', 'Florian', '1972-02-06', '0486309407', 'H36'),
('1262', 'BOUY', 'Camille', '1949-03-19', '0190404594', 'F57'),
('1263', 'BOUQUILE', 'Nicolas', '1971-04-24', '0515402797', 'H37'),
('1264', 'BORAMOT', 'Claire', '1989-10-05', '0869635411', 'F17'),
('1265', 'ABDAULLI', 'Florentin', '1994-09-20', '0270299694', 'H16'),
('1266', 'BRAREROU', 'Lou', '1995-02-19', '085170352', 'F14'),
('1267', 'CAURU', 'Grégory', '1961-07-01', '0365176831', 'H45'),
('1268', 'CANEUCHAC', 'Lou', '1939-07-09', '0497589034', 'F67'),
('1269', 'CHATON', 'Kerryl', '1952-11-17', '0815927226', 'H57'),
('1270', 'CHORRETE', 'Elisa', '1991-05-14', '0497913082', 'F16'),
('1271', 'CHOG', 'Younes', '1979-07-28', '0735208233', 'H27'),
('1272', 'CICEL', 'Julia', '1988-06-08', '0246664832', 'F27'),
('1273', 'COSSE', 'Antoine', '1967-06-14', '0850292235', 'H47'),
('1274', 'CHASSIT', 'Lena', '1940-04-09', '0746802165', 'F67'),
('1275', 'DEPUEN', 'Yan', '1958-05-22', '0841949626', 'H57'),
('1276', 'DESSER', 'Camille', '1962-05-25', '0189792581', 'F47'),
('1277', 'DES', 'Jeremy', '1939-01-18', '0484623087', 'H67'),
('1278', 'DENOGENAR', 'Olivia', '1942-04-05', '0785405404', 'F67'),
('1279', 'DORTI', 'Julien', '1954-04-25', '0219089638', 'H57'),
('1280', 'DUMINGAON', 'Mathilde', '1993-07-13', '0489388207', 'F17'),
('1281', 'SANILLO', 'Alexandre', '1949-11-26', '0619757612', 'H57'),
('1282', 'DUN', 'Camille', '1958-03-03', '0332439114', 'F57'),
('1283', 'DUPIN', 'Maxence', '1997-07-03', '068290093', 'H17'),
('1284', 'DURGECHES', 'Anna', '1975-06-03', '0858130105', 'F35'),
('1285', 'DUFORD', 'Mathieu', '1978-07-13', '0644395963', 'H34'),
('1286', 'DEOLERER', 'Claire', '1970-05-21', '0763356218', 'F36'),
('1287', 'ELLOUE', 'Bilal', '1969-01-11', '051694161', 'H35'),
('1288', 'ELANEN', 'Olivia', '1995-05-16', '0697981024', 'F15'),
('1289', 'GAMOU', 'Emeric', '1976-01-05', '0474801088', 'H37'),
('1290', 'ELAIE', 'Camille', '1942-07-28', '0139414439', 'F67'),
('1291', 'FORELEZIER', 'Clement', '1972-02-26', '0864605717', 'H37'),
('1292', 'FOX', 'Camille', '1969-06-28', '067598071', 'F34'),
('1293', 'FREMIGER', 'François', '1998-12-02', '0367468938', 'H15'),
('1294', 'VIQ', 'Lou', '1975-08-20', '0515453061', 'F34'),
('1295', 'FOSAGAUR', 'Guillaume', '1944-08-11', '0488547121', 'H65'),
('1296', 'GREBET', 'Mathilde', '1940-10-02', '0882503848', 'F65'),
('1297', 'GRUG', 'Pierre', '1946-05-14', '0241005847', 'H65'),
('1298', 'HIRU', 'Anna', '1941-03-12', '0177202832', 'F65'),
('1299', 'HIMBAS', 'Bilal', '1941-09-28', '0463942412', 'H64'),
('1300', 'HOLEGUILER', 'Claire', '1947-10-04', '0140050231', 'F64'),
('1301', 'INTATIERI', 'Clément', '1990-11-26', '023179443', 'H16'),
('1302', 'JAMY', 'Valentine', '1963-08-19', '0728637363', 'F43'),
('1303', 'KROMELT', 'Gilian', '1979-01-22', '0737359369', 'H21'),
('1304', 'KAMAT', 'Mathilde', '1942-03-27', '0966740464', 'F68'),
('1305', 'LATRULE', 'Julien', '1994-10-11', '0522084032', 'H15'),
('1306', 'LAULA', 'Sarah', '1972-04-25', '0656093225', 'F37'),
('1307', 'LAVA', 'Guillaume', '1989-08-20', '0659643214', 'H15'),
('1308', 'LAZIE', 'Mathilde', '1976-08-06', '082200677', 'F37'),
('1309', 'LAIMAS', 'Mathieu', '1964-12-16', '0336051490', 'H42'),
('1310', 'LEBRINT', 'Lucie', '1951-05-17', '0913779913', 'F58'),
('1311', 'LECAUTIER', 'Thomas', '1941-08-13', '0761254306', 'H68'),
('1312', 'LENCIGAU', 'Marion', '1960-12-15', '083242738', 'F42'),
('1313', 'LELUC', 'Nicolas', '1988-09-21', '0590912625', 'H22'),
('1314', 'LILLIER', 'Camille', '1944-11-12', '094176632', 'F68'),
('1315', 'LOPULEUMY', 'Quentin', '1975-10-17', '0323747816', 'H36'),
('1316', 'LORRE', 'Clara', '1985-01-03', '0818563027', 'F24'),
('1317', 'LERDONTIN', 'Yan', '1978-09-16', '0132057236', 'H36'),
('1318', 'MAK', 'Coralie', '1998-03-24', '0443011907', 'F14'),
('1319', 'MARER', 'Yohann', '1979-08-05', '0932318663', 'H28'),
('1320', 'MASARY', 'Rose', '1948-02-17', '0143688534', 'F68'),
('1321', 'MALLY', 'Maxence', '1947-03-09', '0577851391', 'H68'),
('1322', 'MERMBALIO', 'Enora', '1985-09-12', '0675965848', 'F25'),
('1323', 'MESA', 'Florentin', '1960-12-03', '0492738865', 'H43'),
('1324', 'MEAN', 'Imane', '1947-03-06', '0114167974', 'F68'),
('1325', 'MICAN', 'Florentin', '1978-07-22', '0623063892', 'H32'),
('1326', 'MOBIEZACH', 'Lucie', '1941-05-22', '0699753718', 'F68'),
('1327', 'MAIDJANS', 'Remy', '1955-07-24', '0625169225', 'H58'),
('1328', 'NODUIAR', 'Elise', '1975-08-23', '0515788230', 'F38'),
('1329', 'NONDE', 'Maxime', '1954-09-27', '0522095311', 'H58'),
('1330', 'REPAL', 'Lucie', '1997-07-10', '089347729', 'F15'),
('1331', 'PAUZIL', 'Valentin', '1987-08-20', '0588315133', 'H23'),
('1332', 'PAMOUL', 'Jeanne', '1991-08-06', '0122591943', 'F16'),
('1333', 'PEPOUCHIE', 'Joris', '1941-03-04', '0526173425', 'H67'),
('1334', 'PIVILO', 'Claire', '1974-11-26', '0544560822', 'F34'),
('1335', 'PENCEL', 'Baptiste', '1990-03-14', '0447659872', 'H17'),
('1336', 'RIOFFO', 'Maëlys', '1941-06-11', '0768470727', 'F67'),
('1337', 'ROUAR', 'Michael', '1969-07-17', '017890815', 'H33'),
('1338', 'ROUVRI', 'Emma', '1991-03-18', '099384589', 'F17'),
('1339', 'RAT', 'Jeremy', '1980-01-10', '0549834185', 'H23'),
('1340', 'SAYESEAU', 'Elsa', '1984-07-25', '0349139673', 'F26'),
('1341', 'SALPIES', 'Romaric', '1945-12-11', '0379503700', 'H67'),
('1342', 'DOUNYE', 'Louna', '1998-04-23', '0746158534', 'F17'),
('1343', 'LAKBRAR', 'Florian', '1947-01-20', '0132958265', 'H67'),
('1344', 'SITOURIN', 'Anna', '1990-12-21', '0798592628', 'F17'),
('1345', 'TOUTHARTE', 'Mehdi', '1982-10-20', '0689459452', 'H27'),
('1346', 'VALBEROVET', 'Eloïse', '1946-02-10', '0645890115', 'F67'),
('1347', 'WESERD', 'Damien', '1965-12-20', '0243062171', 'H47'),
('1348', 'ZARTHE', 'Domitille', '1974-10-12', '0657352221', 'F37');

-- --------------------------------------------------------

--
-- Structure de la table `TRANCHE`
--

CREATE TABLE `TRANCHE` (
  `idtr` char(1) NOT NULL,
  `valdebut` decimal(3,0) DEFAULT NULL,
  `valfin` decimal(3,0) DEFAULT NULL
) ENGINE=InnoDB DEFAULT CHARSET=utf8;

--
-- Déchargement des données de la table `TRANCHE`
--

INSERT INTO `TRANCHE` (`idtr`, `valdebut`, `valfin`) VALUES
('1', '20', '29'),
('2', '30', '39'),
('3', '40', '49'),
('4', '50', '59'),
('5', '60', '69'),
('6', '70', '120');

--
-- Index pour les tables déchargées
--

--
-- Index pour la table `CARACTERISTIQUE`
--
ALTER TABLE `CARACTERISTIQUE`
  ADD PRIMARY KEY (`idc`),
  ADD KEY `idtr` (`idtr`),
  ADD KEY `idcat` (`idcat`);

--
-- Index pour la table `CATEGORIE`
--
ALTER TABLE `CATEGORIE`
  ADD PRIMARY KEY (`idcat`);

--
-- Index pour la table `CONSTITUER`
--
ALTER TABLE `CONSTITUER`
  ADD PRIMARY KEY (`numsond`,`idpan`),
  ADD KEY `idpan` (`idpan`);

--
-- Index pour la table `PANEL`
--
ALTER TABLE `PANEL`
  ADD PRIMARY KEY (`idpan`);

--
-- Index pour la table `SONDE`
--
ALTER TABLE `SONDE`
  ADD PRIMARY KEY (`numsond`),
  ADD KEY `idc` (`idc`);

--
-- Index pour la table `TRANCHE`
--
ALTER TABLE `TRANCHE`
  ADD PRIMARY KEY (`idtr`);

--
-- Contraintes pour les tables déchargées
--

--
-- Contraintes pour la table `CARACTERISTIQUE`
--
ALTER TABLE `CARACTERISTIQUE`
  ADD CONSTRAINT `CARACTERISTIQUE_ibfk_1` FOREIGN KEY (`idtr`) REFERENCES `TRANCHE` (`idtr`),
  ADD CONSTRAINT `CARACTERISTIQUE_ibfk_2` FOREIGN KEY (`idcat`) REFERENCES `CATEGORIE` (`idcat`);

--
-- Contraintes pour la table `CONSTITUER`
--
ALTER TABLE `CONSTITUER`
  ADD CONSTRAINT `CONSTITUER_ibfk_1` FOREIGN KEY (`idpan`) REFERENCES `PANEL` (`idpan`),
  ADD CONSTRAINT `CONSTITUER_ibfk_2` FOREIGN KEY (`numsond`) REFERENCES `SONDE` (`numsond`);

--
-- Contraintes pour la table `SONDE`
--
ALTER TABLE `SONDE`
  ADD CONSTRAINT `SONDE_ibfk_1` FOREIGN KEY (`idc`) REFERENCES `CARACTERISTIQUE` (`idc`);
COMMIT;

/*!40101 SET CHARACTER_SET_CLIENT=@OLD_CHARACTER_SET_CLIENT */;
/*!40101 SET CHARACTER_SET_RESULTS=@OLD_CHARACTER_SET_RESULTS */;
/*!40101 SET COLLATION_CONNECTION=@OLD_COLLATION_CONNECTION */;
